"","X","tcr","index_peptide","auc","method"
"1","TCR-F5","TCR-F5","FRDYVDRFYKTLRAEQASQE",0.937176097520797,"BATMAN"
"2","F13","F13","FRDYVDRFYKTLRAEQASQE",0.892710695592514,"BATMAN"
"3","F24","F24","FRDYVDRFYKTLRAEQASQE",0.835652126544842,"BATMAN"
"4","B3K506","B3K506","FEAQKAKANKAVD",0.812956014175526,"BATMAN"
"5","B3K508","B3K508","FEAQKAKANKAVD",0.685416666666667,"BATMAN"
"6","YAe5-62.8","YAe5-62.8","FEAQKAKANKAVD",0.721014492753623,"BATMAN"
"7","TCR75-1","TCR75-1","FEAQKAKANKAVD",0.662593206296603,"BATMAN"
"8","TCR2W1S12-20.4","TCR2W1S12-20.4","FEAQKAKANKAVD",0.767622383670645,"BATMAN"
"9","OT1","OT1","SIINFEKL",0.820291777188329,"BATMAN"
"10","Ed5","Ed5","SIINFEKL",0.770878152723994,"BATMAN"
"11","Ed8","Ed8","SIINFEKL",0.957851851851852,"BATMAN"
"12","Ed9","Ed9","SIINFEKL",0.847376171352075,"BATMAN"
"13","Ed10","Ed10","SIINFEKL",0.836860670194004,"BATMAN"
"14","Ed16-1","Ed16-1","SIINFEKL",0.856255262317452,"BATMAN"
"15","Ed16-30","Ed16-30","SIINFEKL",0.934127273217851,"BATMAN"
"16","Ed21","Ed21","SIINFEKL",0.94628876844324,"BATMAN"
"17","Ed23","Ed23","SIINFEKL",0.832875019182832,"BATMAN"
"18","Ed28","Ed28","SIINFEKL",0.895243803606402,"BATMAN"
"19","Ed31","Ed31","SIINFEKL",0.851954304722721,"BATMAN"
"20","Ed33","Ed33","SIINFEKL",0.896755076453785,"BATMAN"
"21","Ed39","Ed39","SIINFEKL",0.820397216623632,"BATMAN"
"22","Ed40","Ed40","SIINFEKL",0.918904958677686,"BATMAN"
"23","Ed45","Ed45","SIINFEKL",0.858402593575007,"BATMAN"
"24","Ed46","Ed46","SIINFEKL",0.916595210873984,"BATMAN"
"25","11A10","11A10","TPQDLNTML",0.904726631393298,"BATMAN"
"26","12A11","12A11","TPQDLNTML",0.881194706621652,"BATMAN"
"27","18A2","18A2","TPQDLNTML",0.871676408406915,"BATMAN"
"28","7A10","7A10","TPQDLNTML",0.728927951388889,"BATMAN"
"29","13A10","13A10","TPQDLNTML",0.79510303030303,"BATMAN"
"30","14A4","14A4","TPQDLNTML",0.884235115167319,"BATMAN"
"31","16A11","16A11","TPQDLNTML",0.719521604938272,"BATMAN"
"32","14D7","14D7","TPQDLNTML",0.755619412515964,"BATMAN"
"33","R21","R21","VPSVWRSSL",0.827530276816609,"BATMAN"
"34","R23","R23","VPSVWRSSL",0.923813387423935,"BATMAN"
"35","R24","R24","VPSVWRSSL",0.717017524109723,"BATMAN"
"36","R25","R25","VPSVWRSSL",0.830732846305705,"BATMAN"
"37","R26","R26","VPSVWRSSL",0.881499420433847,"BATMAN"
"38","R27","R27","VPSVWRSSL",0.846331866079765,"BATMAN"
"39","R28","R28","VPSVWRSSL",0.590422706891298,"BATMAN"
"40","TCR1-T","TCR1-T","FMNKFIYEI",0.893536231884058,"BATMAN"
"41","TCR2-T","TCR2-T","FMNKFIYEI",0.913496405290406,"BATMAN"
"42","TCR3-T","TCR3-T","FMNKFIYEI",0.876324683508048,"BATMAN"
"43","NYE-S1","NYE-S1","SLLMWITQC",0.780176732099809,"BATMAN"
"44","NYE-S2","NYE-S2","SLLMWITQC",0.845302523563393,"BATMAN"
"45","NYE-S3","NYE-S3","SLLMWITQC",0.827091220990425,"BATMAN"
"46","c259","c259","SLLMWITQC",0.847022624434389,"BATMAN"
"47","TCR4","TCR4","IMDQVPFSV",0.800126084916725,"BATMAN"
"48","TCR5","TCR5","IMDQVPFSV",0.616723798641529,"BATMAN"
"49","TCR6","TCR6","IMDQVPFSV",0.689871298313564,"BATMAN"
"50","NLV2","NLV2","NLVPMVATV",0.736214933468938,"BATMAN"
"51","NLV3","NLV3","NLVPMVATV",0.77104936407262,"BATMAN"
"52","TCR1","TCR1","NLVPMVATV",0.722227281005281,"BATMAN"
"53","TCR2","TCR2","NLVPMVATV",0.661759615294657,"BATMAN"
"54","TCR3","TCR3","NLVPMVATV",0.67203805666788,"BATMAN"
"55","TCR1-4","TCR1-4","NLVPMVATV",0.80035838035838,"BATMAN"
"56","TCR2-4","TCR2-4","NLVPMVATV",0.887367811096625,"BATMAN"
"57","TCR3-4","TCR3-4","NLVPMVATV",0.908189534695559,"BATMAN"
"58","TCR4-4","TCR4-4","NLVPMVATV",0.836802777147452,"BATMAN"
"59","TCR5-2","TCR5-2","NLVPMVATV",0.85848395246821,"BATMAN"
"60","TCR6-2","TCR6-2","NLVPMVATV",0.779722495356714,"BATMAN"
"61","TCR10-4","TCR10-4","NLVPMVATV",0.880306306306306,"BATMAN"
"62","TCR11-4","TCR11-4","NLVPMVATV",0.890724285461128,"BATMAN"
"63","TCR51-10","TCR51-10","NLVPMVATV",0.837135722376686,"BATMAN"
"64","TCR52-10","TCR52-10","NLVPMVATV",0.810538677009265,"BATMAN"
"65","TCR54-10","TCR54-10","NLVPMVATV",0.895981799324166,"BATMAN"
"66","TCR65-8","TCR65-8","NLVPMVATV",0.831717092586658,"BATMAN"
"67","TCR66-8","TCR66-8","NLVPMVATV",0.891923407665537,"BATMAN"
"68","TCR73-14","TCR73-14","NLVPMVATV",0.801154332700822,"BATMAN"
"69","TCR74-14","TCR74-14","NLVPMVATV",0.759656891211769,"BATMAN"
"70","TCR77-14","TCR77-14","NLVPMVATV",0.792352713443101,"BATMAN"
"71","TCR81-14","TCR81-14","NLVPMVATV",0.586038961038961,"BATMAN"
"72","TCR82-14","TCR82-14","NLVPMVATV",0.848506963449492,"BATMAN"
"73","TCR83-3","TCR83-3","NLVPMVATV",0.860451807228916,"BATMAN"
"74","TCR84-3","TCR84-3","NLVPMVATV",0.86779396883222,"BATMAN"
"75","A3V","A3V","VVVGAVGVGK",0.589800590685025,"BATMAN"
"76","A11Va","A11Va","VVVGAVGVGK",0.68939417989418,"BATMAN"
"77","A11Vb","A11Vb","VVVGAVGVGK",0.737641898864809,"BATMAN"
"78","A11Vc","A11Vc","VVVGAVGVGK",0.705384700176367,"BATMAN"
"79","1","TCR-F5","FRDYVDRFYKTLRAEQASQE",0.890357836,"pTEAM"
"80","2","F13","FRDYVDRFYKTLRAEQASQE",0.855040419,"pTEAM"
"81","3","F24","FRDYVDRFYKTLRAEQASQE",0.771550039,"pTEAM"
"82","4","B3K506","FEAQKAKANKAVD",0.78157761,"pTEAM"
"83","5","B3K508","FEAQKAKANKAVD",0.625287126,"pTEAM"
"84","6","YAe5-62.8","FEAQKAKANKAVD",0.687411492,"pTEAM"
"85","7","TCR75-1","FEAQKAKANKAVD",0.678072479,"pTEAM"
"86","8","TCR2W1S12-20.4","FEAQKAKANKAVD",0.734943885,"pTEAM"
"87","9","OT1","SIINFEKL",0.829207191,"pTEAM"
"88","10","Ed5","SIINFEKL",0.784940563,"pTEAM"
"89","11","Ed8","SIINFEKL",0.922296976,"pTEAM"
"90","12","Ed9","SIINFEKL",0.875509824,"pTEAM"
"91","13","Ed10","SIINFEKL",0.788294887,"pTEAM"
"92","14","Ed16-1","SIINFEKL",0.798979202,"pTEAM"
"93","15","Ed16-30","SIINFEKL",0.882142857,"pTEAM"
"94","16","Ed21","SIINFEKL",0.873488413,"pTEAM"
"95","17","Ed23","SIINFEKL",0.766526352,"pTEAM"
"96","18","Ed28","SIINFEKL",0.830122492,"pTEAM"
"97","19","Ed31","SIINFEKL",0.818104061,"pTEAM"
"98","20","Ed33","SIINFEKL",0.855782253,"pTEAM"
"99","21","Ed39","SIINFEKL",0.763467383,"pTEAM"
"100","22","Ed40","SIINFEKL",0.87890625,"pTEAM"
"101","23","Ed45","SIINFEKL",0.816452242,"pTEAM"
"102","24","Ed46","SIINFEKL",0.870166043,"pTEAM"
"103","25","11A10","TPQDLNTML",0.826764376,"pTEAM"
"104","26","12A11","TPQDLNTML",0.887480901,"pTEAM"
"105","27","18A2","TPQDLNTML",0.788857782,"pTEAM"
"106","28","7A10","TPQDLNTML",0.704065869,"pTEAM"
"107","29","13A10","TPQDLNTML",0.745107323,"pTEAM"
"108","30","14A4","TPQDLNTML",0.806162176,"pTEAM"
"109","31","16A11","TPQDLNTML",0.716510668,"pTEAM"
"110","32","14D7","TPQDLNTML",0.788930535,"pTEAM"
"111","33","R21","VPSVWRSSL",0.832719445,"pTEAM"
"112","34","R23","VPSVWRSSL",0.844906267,"pTEAM"
"113","35","R24","VPSVWRSSL",0.64084903,"pTEAM"
"114","36","R25","VPSVWRSSL",0.784824336,"pTEAM"
"115","37","R26","VPSVWRSSL",0.85549979,"pTEAM"
"116","38","R27","VPSVWRSSL",0.82050737,"pTEAM"
"117","39","R28","VPSVWRSSL",0.536199955,"pTEAM"
"118","40","TCR1-T","FMNKFIYEI",0.926089787,"pTEAM"
"119","41","TCR2-T","FMNKFIYEI",0.923713992,"pTEAM"
"120","42","TCR3-T","FMNKFIYEI",0.928301859,"pTEAM"
"121","43","NYE-S1","SLLMWITQC",0.713121482,"pTEAM"
"122","44","NYE-S2","SLLMWITQC",0.778683467,"pTEAM"
"123","45","NYE-S3","SLLMWITQC",0.740774984,"pTEAM"
"124","46","c259","SLLMWITQC",0.761316993,"pTEAM"
"125","47","TCR4","IMDQVPFSV",0.735069634,"pTEAM"
"126","48","TCR5","IMDQVPFSV",0.578591128,"pTEAM"
"127","49","TCR6","IMDQVPFSV",0.666887346,"pTEAM"
"128","50","NLV2","NLVPMVATV",0.656643874,"pTEAM"
"129","51","NLV3","NLVPMVATV",0.633690169,"pTEAM"
"130","52","TCR1","NLVPMVATV",0.711701128,"pTEAM"
"131","53","TCR2","NLVPMVATV",0.585436921,"pTEAM"
"132","54","TCR3","NLVPMVATV",0.697984514,"pTEAM"
"133","55","TCR1-4","NLVPMVATV",0.779550265,"pTEAM"
"134","56","TCR2-4","NLVPMVATV",0.909414867,"pTEAM"
"135","57","TCR3-4","NLVPMVATV",0.884629311,"pTEAM"
"136","58","TCR4-4","NLVPMVATV",0.846492897,"pTEAM"
"137","59","TCR5-2","NLVPMVATV",0.793634493,"pTEAM"
"138","60","TCR6-2","NLVPMVATV",0.691024581,"pTEAM"
"139","61","TCR10-4","NLVPMVATV",0.868813559,"pTEAM"
"140","62","TCR11-4","NLVPMVATV",0.895281872,"pTEAM"
"141","63","TCR51-10","NLVPMVATV",0.798042337,"pTEAM"
"142","64","TCR52-10","NLVPMVATV",0.842982369,"pTEAM"
"143","65","TCR54-10","NLVPMVATV",0.904448642,"pTEAM"
"144","66","TCR65-8","NLVPMVATV",0.814509828,"pTEAM"
"145","67","TCR66-8","NLVPMVATV",0.895858007,"pTEAM"
"146","68","TCR73-14","NLVPMVATV",0.822121198,"pTEAM"
"147","69","TCR74-14","NLVPMVATV",0.765176091,"pTEAM"
"148","70","TCR77-14","NLVPMVATV",0.805740038,"pTEAM"
"149","71","TCR81-14","NLVPMVATV",0.624101928,"pTEAM"
"150","72","TCR82-14","NLVPMVATV",0.853306588,"pTEAM"
"151","73","TCR83-3","NLVPMVATV",0.844065062,"pTEAM"
"152","74","TCR84-3","NLVPMVATV",0.88850736,"pTEAM"
"153","75","A3V","VVVGAVGVGK",0.527407225,"pTEAM"
"154","76","A11Va","VVVGAVGVGK",0.69356134,"pTEAM"
"155","77","A11Vb","VVVGAVGVGK",0.72310049,"pTEAM"
"156","78","A11Vc","VVVGAVGVGK",0.694405027,"pTEAM"
"157","79","TCR-F5","FRDYVDRFYKTLRAEQASQE",0.84018002,"pTEAM+TCR"
"158","80","F13","FRDYVDRFYKTLRAEQASQE",0.818465764,"pTEAM+TCR"
"159","81","F24","FRDYVDRFYKTLRAEQASQE",0.776526653,"pTEAM+TCR"
"160","82","B3K506","FEAQKAKANKAVD",0.764013693,"pTEAM+TCR"
"161","83","B3K508","FEAQKAKANKAVD",0.604467147,"pTEAM+TCR"
"162","84","YAe5-62.8","FEAQKAKANKAVD",0.710328159,"pTEAM+TCR"
"163","85","TCR75-1","FEAQKAKANKAVD",0.633534664,"pTEAM+TCR"
"164","86","TCR2W1S12-20.4","FEAQKAKANKAVD",0.7109016,"pTEAM+TCR"
"165","87","OT1","SIINFEKL",0.851201002,"pTEAM+TCR"
"166","88","Ed5","SIINFEKL",0.823115501,"pTEAM+TCR"
"167","89","Ed8","SIINFEKL",0.890711859,"pTEAM+TCR"
"168","90","Ed9","SIINFEKL",0.838612805,"pTEAM+TCR"
"169","91","Ed10","SIINFEKL",0.837480839,"pTEAM+TCR"
"170","92","Ed16-1","SIINFEKL",0.816439939,"pTEAM+TCR"
"171","93","Ed16-30","SIINFEKL",0.827040572,"pTEAM+TCR"
"172","94","Ed21","SIINFEKL",0.8099322,"pTEAM+TCR"
"173","95","Ed23","SIINFEKL",0.764498179,"pTEAM+TCR"
"174","96","Ed28","SIINFEKL",0.795815908,"pTEAM+TCR"
"175","97","Ed31","SIINFEKL",0.813951835,"pTEAM+TCR"
"176","98","Ed33","SIINFEKL",0.845772243,"pTEAM+TCR"
"177","99","Ed39","SIINFEKL",0.759277977,"pTEAM+TCR"
"178","100","Ed40","SIINFEKL",0.914987664,"pTEAM+TCR"
"179","101","Ed45","SIINFEKL",0.826245314,"pTEAM+TCR"
"180","102","Ed46","SIINFEKL",0.880373677,"pTEAM+TCR"
"181","103","11A10","TPQDLNTML",0.849406648,"pTEAM+TCR"
"182","104","12A11","TPQDLNTML",0.925331042,"pTEAM+TCR"
"183","105","18A2","TPQDLNTML",0.833333864,"pTEAM+TCR"
"184","106","7A10","TPQDLNTML",0.706368787,"pTEAM+TCR"
"185","107","13A10","TPQDLNTML",0.734324495,"pTEAM+TCR"
"186","108","14A4","TPQDLNTML",0.72690517,"pTEAM+TCR"
"187","109","16A11","TPQDLNTML",0.820614432,"pTEAM+TCR"
"188","110","14D7","TPQDLNTML",0.858862236,"pTEAM+TCR"
"189","111","R21","VPSVWRSSL",0.825942667,"pTEAM+TCR"
"190","112","R23","VPSVWRSSL",0.817444923,"pTEAM+TCR"
"191","113","R24","VPSVWRSSL",0.628714961,"pTEAM+TCR"
"192","114","R25","VPSVWRSSL",0.768983548,"pTEAM+TCR"
"193","115","R26","VPSVWRSSL",0.831610901,"pTEAM+TCR"
"194","116","R27","VPSVWRSSL",0.802851002,"pTEAM+TCR"
"195","117","R28","VPSVWRSSL",0.541549708,"pTEAM+TCR"
"196","118","TCR1-T","FMNKFIYEI",0.934079672,"pTEAM+TCR"
"197","119","TCR2-T","FMNKFIYEI",0.927945636,"pTEAM+TCR"
"198","120","TCR3-T","FMNKFIYEI",0.93434929,"pTEAM+TCR"
"199","121","NYE-S1","SLLMWITQC",0.731433709,"pTEAM+TCR"
"200","122","NYE-S2","SLLMWITQC",0.771084494,"pTEAM+TCR"
"201","123","NYE-S3","SLLMWITQC",0.762683542,"pTEAM+TCR"
"202","124","c259","SLLMWITQC",0.758364379,"pTEAM+TCR"
"203","125","TCR4","IMDQVPFSV",0.74051363,"pTEAM+TCR"
"204","126","TCR5","IMDQVPFSV",0.582336875,"pTEAM+TCR"
"205","127","TCR6","IMDQVPFSV",0.671235082,"pTEAM+TCR"
"206","128","NLV2","NLVPMVATV",0.700401366,"pTEAM+TCR"
"207","129","NLV3","NLVPMVATV",0.71450544,"pTEAM+TCR"
"208","130","TCR1","NLVPMVATV",0.753312509,"pTEAM+TCR"
"209","131","TCR2","NLVPMVATV",0.60950144,"pTEAM+TCR"
"210","132","TCR3","NLVPMVATV",0.704441519,"pTEAM+TCR"
"211","133","TCR1-4","NLVPMVATV",0.777110806,"pTEAM+TCR"
"212","134","TCR2-4","NLVPMVATV",0.870018631,"pTEAM+TCR"
"213","135","TCR3-4","NLVPMVATV",0.824456556,"pTEAM+TCR"
"214","136","TCR4-4","NLVPMVATV",0.919638181,"pTEAM+TCR"
"215","137","TCR5-2","NLVPMVATV",0.803903705,"pTEAM+TCR"
"216","138","TCR6-2","NLVPMVATV",0.709576168,"pTEAM+TCR"
"217","139","TCR10-4","NLVPMVATV",0.968219576,"pTEAM+TCR"
"218","140","TCR11-4","NLVPMVATV",0.978775445,"pTEAM+TCR"
"219","141","TCR51-10","NLVPMVATV",0.80253321,"pTEAM+TCR"
"220","142","TCR52-10","NLVPMVATV",0.962138189,"pTEAM+TCR"
"221","143","TCR54-10","NLVPMVATV",0.856320094,"pTEAM+TCR"
"222","144","TCR65-8","NLVPMVATV",0.771917905,"pTEAM+TCR"
"223","145","TCR66-8","NLVPMVATV",0.878539611,"pTEAM+TCR"
"224","146","TCR73-14","NLVPMVATV",0.935910976,"pTEAM+TCR"
"225","147","TCR74-14","NLVPMVATV",0.755174851,"pTEAM+TCR"
"226","148","TCR77-14","NLVPMVATV",0.818881034,"pTEAM+TCR"
"227","149","TCR81-14","NLVPMVATV",0.673349403,"pTEAM+TCR"
"228","150","TCR82-14","NLVPMVATV",0.835440743,"pTEAM+TCR"
"229","151","TCR83-3","NLVPMVATV",0.871518627,"pTEAM+TCR"
"230","152","TCR84-3","NLVPMVATV",0.915183626,"pTEAM+TCR"
"231","153","A3V","VVVGAVGVGK",0.559695082,"pTEAM+TCR"
"232","154","A11Va","VVVGAVGVGK",0.676170971,"pTEAM+TCR"
"233","155","A11Vb","VVVGAVGVGK",0.731227241,"pTEAM+TCR"
"234","156","A11Vc","VVVGAVGVGK",0.695247444,"pTEAM+TCR"
