peptide,CDR3,Probability,Interaction,Binding level
NLVPMVATH,CSAPVGGGGFTDTQYF,0.9975,yes,high
NLVPMVATV,CSAPVGGGGFTDTQYF,0.9975,yes,high
LLVPMVATV,CSAPVGGGGFTDTQYF,0.9974,yes,high
NLVPMVCTV,CSAPVGGGGFTDTQYF,0.9974,yes,high
TLVPMVATV,CSAPVGGGGFTDTQYF,0.9974,yes,high
NMVPMVATV,CSAPVGGGGFTDTQYF,0.9974,yes,high
HLVPMVATV,CSAPVGGGGFTDTQYF,0.9974,yes,high
NPVPMVATV,CSAPVGGGGFTDTQYF,0.9973,yes,high
PLVPMVATV,CSAPVGGGGFTDTQYF,0.9973,yes,high
NIVPMVATV,CSAPVGGGGFTDTQYF,0.9973,yes,high
ILVPMVATV,CSAPVGGGGFTDTQYF,0.9973,yes,high
DLVPMVATV,CSAPVGGGGFTDTQYF,0.9973,yes,high
GLVPMVATV,CSAPVGGGGFTDTQYF,0.9973,yes,high
FLVPMVATV,CSAPVGGGGFTDTQYF,0.9973,yes,high
ALVPMVATV,CSAPVGGGGFTDTQYF,0.9973,yes,high
QLVPMVATV,CSAPVGGGGFTDTQYF,0.9973,yes,high
NLVLMVATV,CSAPVGGGGFTDTQYF,0.9973,yes,high
CLVPMVATV,CSAPVGGGGFTDTQYF,0.9973,yes,high
WLVPMVATV,CSAPVGGGGFTDTQYF,0.9973,yes,high
NAVPMVATV,CSAPVGGGGFTDTQYF,0.9973,yes,high
ELVPMVATV,CSAPVGGGGFTDTQYF,0.9972,yes,high
MLVPMVATV,CSAPVGGGGFTDTQYF,0.9972,yes,high
NHVPMVATV,CSAPVGGGGFTDTQYF,0.9972,yes,high
RLVPMVATV,CSAPVGGGGFTDTQYF,0.9972,yes,high
NKVPMVATV,CSAPVGGGGFTDTQYF,0.9972,yes,high
NCVPMVATV,CSAPVGGGGFTDTQYF,0.9972,yes,high
YLVPMVATV,CSAPVGGGGFTDTQYF,0.9972,yes,high
VLVPMVATV,CSAPVGGGGFTDTQYF,0.9972,yes,high
NLCPMVATV,CSAPVGGGGFTDTQYF,0.9972,yes,high
NLVPMVFTV,CSAPVGGGGFTDTQYF,0.9972,yes,high
NQVPMVATV,CSAPVGGGGFTDTQYF,0.9972,yes,high
NLVPMVATG,CSAPVGGGGFTDTQYF,0.9972,yes,high
NDVPMVATV,CSAPVGGGGFTDTQYF,0.9971,yes,high
KLVPMVATV,CSAPVGGGGFTDTQYF,0.9971,yes,high
SLVPMVATV,CSAPVGGGGFTDTQYF,0.9971,yes,high
NYVPMVATV,CSAPVGGGGFTDTQYF,0.9971,yes,high
NGVPMVATV,CSAPVGGGGFTDTQYF,0.997,yes,high
NSVPMVATV,CSAPVGGGGFTDTQYF,0.997,yes,high
NEVPMVATV,CSAPVGGGGFTDTQYF,0.997,yes,high
NFVPMVATV,CSAPVGGGGFTDTQYF,0.997,yes,high
NLQPMVATV,CSAPVGGGGFTDTQYF,0.997,yes,high
NLAPMVATV,CSAPVGGGGFTDTQYF,0.997,yes,high
NWVPMVATV,CSAPVGGGGFTDTQYF,0.9969,yes,high
NLVPMVYTV,CSAPVGGGGFTDTQYF,0.9969,yes,high
NLRPMVATV,CSAPVGGGGFTDTQYF,0.9969,yes,high
NLVVMVATV,CSAPVGGGGFTDTQYF,0.9969,yes,high
NLVPMVDTV,CSAPVGGGGFTDTQYF,0.9969,yes,high
NNVPMVATV,CSAPVGGGGFTDTQYF,0.9969,yes,high
NLVCMVATV,CSAPVGGGGFTDTQYF,0.9969,yes,high
NVVPMVATV,CSAPVGGGGFTDTQYF,0.9968,yes,high
NLDPMVATV,CSAPVGGGGFTDTQYF,0.9968,yes,high
NLVDMVATV,CSAPVGGGGFTDTQYF,0.9968,yes,high
NLVPMGATV,CSAPVGGGGFTDTQYF,0.9968,yes,high
NLVYMVATV,CSAPVGGGGFTDTQYF,0.9968,yes,high
NLVAMVATV,CSAPVGGGGFTDTQYF,0.9967,yes,high
NLVPMVATD,CSAPVGGGGFTDTQYF,0.9967,yes,high
NLVPMVWTV,CSAPVGGGGFTDTQYF,0.9967,yes,high
NLHPMVATV,CSAPVGGGGFTDTQYF,0.9967,yes,high
NLVMMVATV,CSAPVGGGGFTDTQYF,0.9966,yes,high
NLIPMVATV,CSAPVGGGGFTDTQYF,0.9966,yes,high
NLVPMVETV,CSAPVGGGGFTDTQYF,0.9966,yes,high
NLYPMVATV,CSAPVGGGGFTDTQYF,0.9966,yes,high
NLVPNVATV,CSAPVGGGGFTDTQYF,0.9966,yes,high
NLWPMVATV,CSAPVGGGGFTDTQYF,0.9966,yes,high
NRVPMVATV,CSAPVGGGGFTDTQYF,0.9965,yes,high
NLMPMVATV,CSAPVGGGGFTDTQYF,0.9965,yes,high
NLVPMVATP,CSAPVGGGGFTDTQYF,0.9964,yes,high
NLVPMVATC,CSAPVGGGGFTDTQYF,0.9964,yes,high
NLLPMVATV,CSAPVGGGGFTDTQYF,0.9964,yes,high
NLEPMVATV,CSAPVGGGGFTDTQYF,0.9964,yes,high
NLVPMVATS,CSAPVGGGGFTDTQYF,0.9964,yes,high
NTVPMVATV,CSAPVGGGGFTDTQYF,0.9964,yes,high
NLVNMVATV,CSAPVGGGGFTDTQYF,0.9964,yes,high
NLNPMVATV,CSAPVGGGGFTDTQYF,0.9964,yes,high
NLKPMVATV,CSAPVGGGGFTDTQYF,0.9964,yes,high
NLVPMVNTV,CSAPVGGGGFTDTQYF,0.9964,yes,high
NLPPMVATV,CSAPVGGGGFTDTQYF,0.9964,yes,high
NLVPMVGTV,CSAPVGGGGFTDTQYF,0.9964,yes,high
NLVPRVATV,CSAPVGGGGFTDTQYF,0.9963,yes,high
NLVPMVATM,CSAPVGGGGFTDTQYF,0.9963,yes,high
NLGPMVATV,CSAPVGGGGFTDTQYF,0.9963,yes,high
NLFPMVATV,CSAPVGGGGFTDTQYF,0.9963,yes,high
NLVPLVATV,CSAPVGGGGFTDTQYF,0.9963,yes,high
NLVWMVATV,CSAPVGGGGFTDTQYF,0.9963,yes,high
NLVPCVATV,CSAPVGGGGFTDTQYF,0.9963,yes,high
NLVPYVATV,CSAPVGGGGFTDTQYF,0.9962,yes,high
NLVHMVATV,CSAPVGGGGFTDTQYF,0.9962,yes,high
NLVPMVKTV,CSAPVGGGGFTDTQYF,0.9962,yes,high
NLVQMVATV,CSAPVGGGGFTDTQYF,0.9962,yes,high
NLVPAVATV,CSAPVGGGGFTDTQYF,0.9962,yes,high
NLVPMVATA,CSAPVGGGGFTDTQYF,0.9962,yes,high
NLVEMVATV,CSAPVGGGGFTDTQYF,0.9962,yes,high
NLVPEVATV,CSAPVGGGGFTDTQYF,0.9961,yes,high
NLVGMVATV,CSAPVGGGGFTDTQYF,0.9961,yes,high
NLVPGVATV,CSAPVGGGGFTDTQYF,0.9961,yes,high
NLVTMVATV,CSAPVGGGGFTDTQYF,0.9961,yes,high
NLSPMVATV,CSAPVGGGGFTDTQYF,0.9961,yes,high
NLVIMVATV,CSAPVGGGGFTDTQYF,0.996,yes,high
NLVPMRATV,CSAPVGGGGFTDTQYF,0.996,yes,high
NLVPHVATV,CSAPVGGGGFTDTQYF,0.9959,yes,high
NLVPIVATV,CSAPVGGGGFTDTQYF,0.9959,yes,high
NLVPMVATN,CSAPVGGGGFTDTQYF,0.9959,yes,high
NLVKMVATV,CSAPVGGGGFTDTQYF,0.9959,yes,high
NLVPMVITV,CSAPVGGGGFTDTQYF,0.9959,yes,high
NLVPMVATQ,CSAPVGGGGFTDTQYF,0.9958,yes,high
NLVFMVATV,CSAPVGGGGFTDTQYF,0.9958,yes,high
NLVPMVATY,CSAPVGGGGFTDTQYF,0.9958,yes,high
NLVPMHATV,CSAPVGGGGFTDTQYF,0.9958,yes,high
NLVPMFATV,CSAPVGGGGFTDTQYF,0.9958,yes,high
NLVPDVATV,CSAPVGGGGFTDTQYF,0.9957,yes,high
NLVPMWATV,CSAPVGGGGFTDTQYF,0.9956,yes,high
NLVPMYATV,CSAPVGGGGFTDTQYF,0.9956,yes,high
NLVPMVMTV,CSAPVGGGGFTDTQYF,0.9956,yes,high
NLVSMVATV,CSAPVGGGGFTDTQYF,0.9956,yes,high
NLVPMAATV,CSAPVGGGGFTDTQYF,0.9955,yes,high
NLVPMVHTV,CSAPVGGGGFTDTQYF,0.9955,yes,high
NLVPFVATV,CSAPVGGGGFTDTQYF,0.9955,yes,high
NLVPWVATV,CSAPVGGGGFTDTQYF,0.9955,yes,high
NLVPKVATV,CSAPVGGGGFTDTQYF,0.9953,yes,high
NLVPMCATV,CSAPVGGGGFTDTQYF,0.9952,yes,high
NLVPMVATE,CSAPVGGGGFTDTQYF,0.9952,yes,high
NLVPMNATV,CSAPVGGGGFTDTQYF,0.9952,yes,high
NLVPMVRTV,CSAPVGGGGFTDTQYF,0.9952,yes,high
NLVPMVATI,CSAPVGGGGFTDTQYF,0.9951,yes,high
NLVPMTATV,CSAPVGGGGFTDTQYF,0.9951,yes,high
NLVPQVATV,CSAPVGGGGFTDTQYF,0.995,yes,high
NLVPMVATF,CSAPVGGGGFTDTQYF,0.9949,yes,high
NLVPMEATV,CSAPVGGGGFTDTQYF,0.9949,yes,high
NLVPMIATV,CSAPVGGGGFTDTQYF,0.9948,yes,high
NLVPMVATW,CSAPVGGGGFTDTQYF,0.9948,yes,high
NLVRMVATV,CSAPVGGGGFTDTQYF,0.9947,yes,high
NLVPMDATV,CSAPVGGGGFTDTQYF,0.9947,yes,high
NLVPMVPTV,CSAPVGGGGFTDTQYF,0.9947,yes,high
NLTPMVATV,CSAPVGGGGFTDTQYF,0.9947,yes,high
NLVPMVQTV,CSAPVGGGGFTDTQYF,0.9946,yes,high
NLVPPVATV,CSAPVGGGGFTDTQYF,0.9946,yes,high
NLVPMLATV,CSAPVGGGGFTDTQYF,0.9945,yes,high
NLVPMPATV,CSAPVGGGGFTDTQYF,0.9945,yes,high
NLVPMQATV,CSAPVGGGGFTDTQYF,0.9944,yes,high
NLVPMVATL,CSAPVGGGGFTDTQYF,0.9943,yes,high
NLVPVVATV,CSAPVGGGGFTDTQYF,0.9943,yes,high
NLVPMVLTV,CSAPVGGGGFTDTQYF,0.9943,yes,high
NLVPMVVTV,CSAPVGGGGFTDTQYF,0.9943,yes,high
NLVPMKATV,CSAPVGGGGFTDTQYF,0.9942,yes,high
NLVPMMATV,CSAPVGGGGFTDTQYF,0.994,yes,high
NLVPSVATV,CSAPVGGGGFTDTQYF,0.9938,yes,high
NLVPMVATK,CSAPVGGGGFTDTQYF,0.9927,yes,high
NLVPMVSTV,CSAPVGGGGFTDTQYF,0.9924,yes,high
SLYNLVATL,CASSDTVSYEQYF,0.9917,yes,high
SLYNMVATL,CASSDTVSYEQYF,0.9915,yes,high
NLVPTVATV,CSAPVGGGGFTDTQYF,0.9915,yes,high
NLVPMSATV,CSAPVGGGGFTDTQYF,0.9908,yes,high
SLYNGVATL,CASSDTVSYEQYF,0.9908,yes,high
SLYNYVATL,CASSDTVSYEQYF,0.9906,yes,high
SLLNTVATL,CASSDTVSYEQYF,0.9905,yes,high
SLYNTGATL,CASSDTVSYEQYF,0.9903,yes,high
NLVPMVATR,CSAPVGGGGFTDTQYF,0.9902,yes,high
SLYNIVATL,CASSDTVSYEQYF,0.99,yes,high
SLYNAVATL,CASSDTVSYEQYF,0.99,yes,high
SLYNPVATL,CASSDTVSYEQYF,0.99,yes,high
SLYNRVATL,CASSDTVSYEQYF,0.9898,yes,high
SLYNNVATL,CASSDTVSYEQYF,0.9897,yes,high
NLVPMVADV,CSAPVGGGGFTDTQYF,0.9896,yes,high
SLYNTVATM,CASSDTVSYEQYF,0.9896,yes,high
SLYNTVATV,CASSDTVSYEQYF,0.9895,yes,high
SLYNFVATL,CASSDTVSYEQYF,0.9895,yes,high
SLYNKVATL,CASSDTVSYEQYF,0.9894,yes,high
SLYNWVATL,CASSDTVSYEQYF,0.9893,yes,high
SLYNEVATL,CASSDTVSYEQYF,0.9892,yes,high
TPQDLMTML,CASSLGIDAIYF,0.9891,yes,high
SLYNQVATL,CASSDTVSYEQYF,0.9888,yes,high
SLMNTVATL,CASSDTVSYEQYF,0.9888,yes,high
SLYPTVATL,CASSDTVSYEQYF,0.9886,yes,high
SLYNHVATL,CASSDTVSYEQYF,0.9885,yes,high
NLVPMVATT,CSAPVGGGGFTDTQYF,0.9885,yes,high
NLVPMVTTV,CSAPVGGGGFTDTQYF,0.9882,yes,high
SLYSTVATL,CASSDTVSYEQYF,0.9881,yes,high
SLYNTVATP,CASSDTVSYEQYF,0.9881,yes,high
NLVPMVACV,CSAPVGGGGFTDTQYF,0.9881,yes,high
SLYNTVATQ,CASSDTVSYEQYF,0.988,yes,high
SLYLTVATL,CASSDTVSYEQYF,0.988,yes,high
SLYVTVATL,CASSDTVSYEQYF,0.9879,yes,high
SLSNTVATL,CASSDTVSYEQYF,0.9878,yes,high
SQYNTVATL,CASSDTVSYEQYF,0.9878,yes,high
SLRNTVATL,CASSDTVSYEQYF,0.9877,yes,high
SLYQTVATL,CASSDTVSYEQYF,0.9877,yes,high
SLQNTVATL,CASSDTVSYEQYF,0.9876,yes,high
LLYNTVATL,CASSDTVSYEQYF,0.9876,yes,high
SLYNTLATL,CASSDTVSYEQYF,0.9876,yes,high
SLYMTVATL,CASSDTVSYEQYF,0.9876,yes,high
SLYNSVATL,CASSDTVSYEQYF,0.9875,yes,high
SLYNTFATL,CASSDTVSYEQYF,0.9875,yes,high
NLVPMVAYV,CSAPVGGGGFTDTQYF,0.9874,yes,high
SLYYTVATL,CASSDTVSYEQYF,0.9873,yes,high
SLYNDVATL,CASSDTVSYEQYF,0.9873,yes,high
SPYNTVATL,CASSDTVSYEQYF,0.9872,yes,high
SLYNTVATG,CASSDTVSYEQYF,0.9872,yes,high
SLVNTVATL,CASSDTVSYEQYF,0.9872,yes,high
TQQDLNTML,CASSLGIDAIYF,0.9872,yes,high
SLYNTRATL,CASSDTVSYEQYF,0.9872,yes,high
TLYNTVATL,CASSDTVSYEQYF,0.9871,yes,high
RLYNTVATL,CASSDTVSYEQYF,0.9871,yes,high
SLANTVATL,CASSDTVSYEQYF,0.987,yes,high
SNYNTVATL,CASSDTVSYEQYF,0.987,yes,high
NLYNTVATL,CASSDTVSYEQYF,0.9869,yes,high
SYYNTVATL,CASSDTVSYEQYF,0.9869,yes,high
SIYNTVATL,CASSDTVSYEQYF,0.9869,yes,high
HLYNTVATL,CASSDTVSYEQYF,0.9869,yes,high
SVYNTVATL,CASSDTVSYEQYF,0.9869,yes,high
MLYNTVATL,CASSDTVSYEQYF,0.9869,yes,high
PLYNTVATL,CASSDTVSYEQYF,0.9868,yes,high
SLYATVATL,CASSDTVSYEQYF,0.9868,yes,high
SLYNTVATH,CASSDTVSYEQYF,0.9868,yes,high
SAYNTVATL,CASSDTVSYEQYF,0.9868,yes,high
SWYNTVATL,CASSDTVSYEQYF,0.9868,yes,high
SLYNTHATL,CASSDTVSYEQYF,0.9867,yes,high
GLYNTVATL,CASSDTVSYEQYF,0.9867,yes,high
TPLDLNTML,CASSLGIDAIYF,0.9867,yes,high
NLVPMVAEV,CSAPVGGGGFTDTQYF,0.9867,yes,high
QLYNTVATL,CASSDTVSYEQYF,0.9867,yes,high
YLYNTVATL,CASSDTVSYEQYF,0.9866,yes,high
VLYNTVATL,CASSDTVSYEQYF,0.9866,yes,high
SKYNTVATL,CASSDTVSYEQYF,0.9866,yes,high
TPQPLNTML,CASSLGIDAIYF,0.9866,yes,high
FLYNTVATL,CASSDTVSYEQYF,0.9866,yes,high
SLYNTVATL,CASSDTVSYEQYF,0.9866,yes,high
SMYNTVATL,CASSDTVSYEQYF,0.9866,yes,high
DLYNTVATL,CASSDTVSYEQYF,0.9866,yes,high
SLYNVVATL,CASSDTVSYEQYF,0.9865,yes,high
ILYNTVATL,CASSDTVSYEQYF,0.9865,yes,high
SLYNTVATY,CASSDTVSYEQYF,0.9865,yes,high
SHYNTVATL,CASSDTVSYEQYF,0.9865,yes,high
ALYNTVATL,CASSDTVSYEQYF,0.9864,yes,high
KLYNTVATL,CASSDTVSYEQYF,0.9864,yes,high
WLYNTVATL,CASSDTVSYEQYF,0.9864,yes,high
TLQDLNTML,CASSLGIDAIYF,0.9864,yes,high
SLPNTVATL,CASSDTVSYEQYF,0.9864,yes,high
ELYNTVATL,CASSDTVSYEQYF,0.9863,yes,high
TPQDRNTML,CASSLGIDAIYF,0.9863,yes,high
TPQDLGTML,CASSLGIDAIYF,0.9862,yes,high
SGYNTVATL,CASSDTVSYEQYF,0.9861,yes,high
TPQLLNTML,CASSLGIDAIYF,0.9861,yes,high
SDYNTVATL,CASSDTVSYEQYF,0.9861,yes,high
TPQDFNTML,CASSLGIDAIYF,0.986,yes,high
NLVPMVAAV,CSAPVGGGGFTDTQYF,0.986,yes,high
SFYNTVATL,CASSDTVSYEQYF,0.986,yes,high
SLWNTVATL,CASSDTVSYEQYF,0.9859,yes,high
SLYGTVATL,CASSDTVSYEQYF,0.9859,yes,high
SLYNTVATA,CASSDTVSYEQYF,0.9859,yes,high
TPQRLNTML,CASSLGIDAIYF,0.9859,yes,high
SEYNTVATL,CASSDTVSYEQYF,0.9859,yes,high
STYNTVATL,CASSDTVSYEQYF,0.9859,yes,high
SLYNTQATL,CASSDTVSYEQYF,0.9857,yes,high
TPQDNNTML,CASSLGIDAIYF,0.9857,yes,high
SLYWTVATL,CASSDTVSYEQYF,0.9857,yes,high
SLYTTVATL,CASSDTVSYEQYF,0.9857,yes,high
SLYNTVATN,CASSDTVSYEQYF,0.9857,yes,high
MPQDLNTML,CASSLGIDAIYF,0.9857,yes,high
TPQDMNTML,CASSLGIDAIYF,0.9857,yes,high
TKQDLNTML,CASSLGIDAIYF,0.9856,yes,high
SLYNTKATL,CASSDTVSYEQYF,0.9856,yes,high
SLYNTVATD,CASSDTVSYEQYF,0.9856,yes,high
SLYNTYATL,CASSDTVSYEQYF,0.9856,yes,high
NLVPMVAWV,CSAPVGGGGFTDTQYF,0.9855,yes,high
SLYHTVATL,CASSDTVSYEQYF,0.9855,yes,high
SLHNTVATL,CASSDTVSYEQYF,0.9855,yes,high
LPQDLNTML,CASSLGIDAIYF,0.9855,yes,high
SLTNTVATL,CASSDTVSYEQYF,0.9854,yes,high
SSYNTVATL,CASSDTVSYEQYF,0.9853,yes,high
TRQDLNTML,CASSLGIDAIYF,0.9853,yes,high
TIQDLNTML,CASSLGIDAIYF,0.9852,yes,high
SLINTVATL,CASSDTVSYEQYF,0.9852,yes,high
SLYNTVATF,CASSDTVSYEQYF,0.9852,yes,high
SLYNTAATL,CASSDTVSYEQYF,0.9852,yes,high
SLYNTNATL,CASSDTVSYEQYF,0.9852,yes,high
TPQDGNTML,CASSLGIDAIYF,0.9852,yes,high
TSQDLNTML,CASSLGIDAIYF,0.9852,yes,high
SLNNTVATL,CASSDTVSYEQYF,0.9852,yes,high
NLVPMVAHV,CSAPVGGGGFTDTQYF,0.9852,yes,high
DPQDLNTML,CASSLGIDAIYF,0.9851,yes,high
SLDNTVATL,CASSDTVSYEQYF,0.9851,yes,high
TVQDLNTML,CASSLGIDAIYF,0.985,yes,high
TPQDLLTML,CASSLGIDAIYF,0.985,yes,high
SLYNTVALL,CASSDTVSYEQYF,0.985,yes,high
KPQDLNTML,CASSLGIDAIYF,0.985,yes,high
CPQDLNTML,CASSLGIDAIYF,0.9849,yes,high
HPQDLNTML,CASSLGIDAIYF,0.9849,yes,high
TPQDVNTML,CASSLGIDAIYF,0.9849,yes,high
IPQDLNTML,CASSLGIDAIYF,0.9849,yes,high
SLFNTVATL,CASSDTVSYEQYF,0.9849,yes,high
SLGNTVATL,CASSDTVSYEQYF,0.9849,yes,high
TPPDLNTML,CASSLGIDAIYF,0.9849,yes,high
THQDLNTML,CASSLGIDAIYF,0.9849,yes,high
EPQDLNTML,CASSLGIDAIYF,0.9849,yes,high
TPNDLNTML,CASSLGIDAIYF,0.9849,yes,high
SLYITVATL,CASSDTVSYEQYF,0.9848,yes,high
NLVPMVAMV,CSAPVGGGGFTDTQYF,0.9848,yes,high
QPQDLNTML,CASSLGIDAIYF,0.9848,yes,high
PPQDLNTML,CASSLGIDAIYF,0.9848,yes,high
SRYNTVATL,CASSDTVSYEQYF,0.9848,yes,high
SLYNTWATL,CASSDTVSYEQYF,0.9848,yes,high
SLKNTVATL,CASSDTVSYEQYF,0.9847,yes,high
NPQDLNTML,CASSLGIDAIYF,0.9847,yes,high
SLYNTVATR,CASSDTVSYEQYF,0.9847,yes,high
GPQDLNTML,CASSLGIDAIYF,0.9847,yes,high
APQDLNTML,CASSLGIDAIYF,0.9847,yes,high
SLYNTVQTL,CASSDTVSYEQYF,0.9846,yes,high
SLYDTVATL,CASSDTVSYEQYF,0.9846,yes,high
YPQDLNTML,CASSLGIDAIYF,0.9846,yes,high
TPVDLNTML,CASSLGIDAIYF,0.9846,yes,high
TMQDLNTML,CASSLGIDAIYF,0.9845,yes,high
TPQDYNTML,CASSLGIDAIYF,0.9845,yes,high
SLYNTVVTL,CASSDTVSYEQYF,0.9845,yes,high
WPQDLNTML,CASSLGIDAIYF,0.9845,yes,high
TCQDLNTML,CASSLGIDAIYF,0.9845,yes,high
FPQDLNTML,CASSLGIDAIYF,0.9845,yes,high
TYQDLNTML,CASSLGIDAIYF,0.9845,yes,high
SLYNTVADL,CASSDTVSYEQYF,0.9845,yes,high
TAQDLNTML,CASSLGIDAIYF,0.9844,yes,high
SLENTVATL,CASSDTVSYEQYF,0.9844,yes,high
SPQDLNTML,CASSLGIDAIYF,0.9843,yes,high
NLVPMVAGV,CSAPVGGGGFTDTQYF,0.9843,yes,high
TTQDLNTML,CASSLGIDAIYF,0.9843,yes,high
TPQDANTML,CASSLGIDAIYF,0.9842,yes,high
TPQDLCTML,CASSLGIDAIYF,0.9842,yes,high
SLYNTVYTL,CASSDTVSYEQYF,0.984,yes,high
TPQDWNTML,CASSLGIDAIYF,0.984,yes,high
TPQDLATML,CASSLGIDAIYF,0.9839,yes,high
TDQDLNTML,CASSLGIDAIYF,0.9839,yes,high
TPQQLNTML,CASSLGIDAIYF,0.9839,yes,high
TGQDLNTML,CASSLGIDAIYF,0.9839,yes,high
SLYNTVWTL,CASSDTVSYEQYF,0.9839,yes,high
SLYNTVRTL,CASSDTVSYEQYF,0.9839,yes,high
VPQDLNTML,CASSLGIDAIYF,0.9839,yes,high
TPCDLNTML,CASSLGIDAIYF,0.9838,yes,high
TWQDLNTML,CASSLGIDAIYF,0.9838,yes,high
SLYFTVATL,CASSDTVSYEQYF,0.9838,yes,high
SLYNTVITL,CASSDTVSYEQYF,0.9838,yes,high
TPQDLYTML,CASSLGIDAIYF,0.9838,yes,high
TPADLNTML,CASSLGIDAIYF,0.9837,yes,high
TPQDLNVML,CASSLGIDAIYF,0.9837,yes,high
TPQCLNTML,CASSLGIDAIYF,0.9837,yes,high
TPQDLQTML,CASSLGIDAIYF,0.9836,yes,high
SLYNTVHTL,CASSDTVSYEQYF,0.9836,yes,high
SLYNTVFTL,CASSDTVSYEQYF,0.9836,yes,high
SLYNTVSTL,CASSDTVSYEQYF,0.9835,yes,high
TPQDLWTML,CASSLGIDAIYF,0.9835,yes,high
TPQDLNTML,CASSLGIDAIYF,0.9835,yes,high
TPYDLNTML,CASSLGIDAIYF,0.9834,yes,high
RPQDLNTML,CASSLGIDAIYF,0.9834,yes,high
TPQDLFTML,CASSLGIDAIYF,0.9834,yes,high
TNQDLNTML,CASSLGIDAIYF,0.9834,yes,high
TFQDLNTML,CASSLGIDAIYF,0.9834,yes,high
SLYRTVATL,CASSDTVSYEQYF,0.9833,yes,high
SLYNTTATL,CASSDTVSYEQYF,0.9833,yes,high
TPQDQNTML,CASSLGIDAIYF,0.9833,yes,high
TPQDLNAML,CASSLGIDAIYF,0.9833,yes,high
TEQDLNTML,CASSLGIDAIYF,0.9833,yes,high
TPQDLPTML,CASSLGIDAIYF,0.9833,yes,high
TPWDLNTML,CASSLGIDAIYF,0.9832,yes,high
TPQYLNTML,CASSLGIDAIYF,0.9832,yes,high
TPIDLNTML,CASSLGIDAIYF,0.9832,yes,high
TPMDLNTML,CASSLGIDAIYF,0.9831,yes,high
TPQDPNTML,CASSLGIDAIYF,0.9831,yes,high
TPQDENTML,CASSLGIDAIYF,0.9831,yes,high
TPQMLNTML,CASSLGIDAIYF,0.9831,yes,high
SLYETVATL,CASSDTVSYEQYF,0.9831,yes,high
SLYNTEATL,CASSDTVSYEQYF,0.983,yes,high
SLYNTVAYL,CASSDTVSYEQYF,0.983,yes,high
SLYNTPATL,CASSDTVSYEQYF,0.983,yes,high
SLYNTVTTL,CASSDTVSYEQYF,0.9829,yes,high
SLYNTVATS,CASSDTVSYEQYF,0.9828,yes,high
TPQDLNIML,CASSLGIDAIYF,0.9828,yes,high
NLVPMVALV,CSAPVGGGGFTDTQYF,0.9828,yes,high
TPQALNTML,CASSLGIDAIYF,0.9828,yes,high
TPQDDNTML,CASSLGIDAIYF,0.9828,yes,high
TPQDHNTML,CASSLGIDAIYF,0.9827,yes,high
TPQILNTML,CASSLGIDAIYF,0.9827,yes,high
TPQDLNCML,CASSLGIDAIYF,0.9827,yes,high
TPQDCNTML,CASSLGIDAIYF,0.9827,yes,high
SLYKTVATL,CASSDTVSYEQYF,0.9827,yes,high
TPTDLNTML,CASSLGIDAIYF,0.9826,yes,high
TPQNLNTML,CASSLGIDAIYF,0.9826,yes,high
TPQDSNTML,CASSLGIDAIYF,0.9826,yes,high
TPQDLHTML,CASSLGIDAIYF,0.9825,yes,high
TPQDLRTML,CASSLGIDAIYF,0.9825,yes,high
TPQDLNTNL,CASSLGIDAIYF,0.9824,yes,high
TPQWLNTML,CASSLGIDAIYF,0.9823,yes,high
SLYNTVAAL,CASSDTVSYEQYF,0.9822,yes,high
SLYNTVASL,CASSDTVSYEQYF,0.9822,yes,high
TPQDINTML,CASSLGIDAIYF,0.9822,yes,high
SLYNTVNTL,CASSDTVSYEQYF,0.9822,yes,high
TPKDLNTML,CASSLGIDAIYF,0.9822,yes,high
LLFGYPVYT,CASRPGLAGGRPEQYF,0.9822,yes,high
TPQELNTML,CASSLGIDAIYF,0.9821,yes,high
SLYNTMATL,CASSDTVSYEQYF,0.9821,yes,high
TPDDLNTML,CASSLGIDAIYF,0.9821,yes,high
SLYNTVAWL,CASSDTVSYEQYF,0.982,yes,high
SLYNTVATE,CASSDTVSYEQYF,0.982,yes,high
TPQDLKTML,CASSLGIDAIYF,0.982,yes,high
TPRDLNTML,CASSLGIDAIYF,0.9819,yes,high
TPQDLNPML,CASSLGIDAIYF,0.9819,yes,high
TPHDLNTML,CASSLGIDAIYF,0.9819,yes,high
SLYNTVAEL,CASSDTVSYEQYF,0.9818,yes,high
TPQDLNHML,CASSLGIDAIYF,0.9818,yes,high
TPQDTNTML,CASSLGIDAIYF,0.9818,yes,high
SLYNTVAQL,CASSDTVSYEQYF,0.9817,yes,high
TPQDLTTML,CASSLGIDAIYF,0.9817,yes,high
SLYNTVATW,CASSDTVSYEQYF,0.9815,yes,high
SLYNTVAVL,CASSDTVSYEQYF,0.9815,yes,high
TPSDLNTML,CASSLGIDAIYF,0.9814,yes,high
TPQDLNYML,CASSLGIDAIYF,0.9814,yes,high
TPQTLNTML,CASSLGIDAIYF,0.9813,yes,high
SLYNTVMTL,CASSDTVSYEQYF,0.9813,yes,high
SLYNTVARL,CASSDTVSYEQYF,0.9813,yes,high
TPEDLNTML,CASSLGIDAIYF,0.9812,yes,high
NLVPMVAFV,CSAPVGGGGFTDTQYF,0.9811,yes,high
SLYNTVGTL,CASSDTVSYEQYF,0.981,yes,high
TPQHLNTML,CASSLGIDAIYF,0.9809,yes,high
TPQKLNTML,CASSLGIDAIYF,0.9808,yes,high
TPQDLNKML,CASSLGIDAIYF,0.9808,yes,high
SLYNTVAPL,CASSDTVSYEQYF,0.9806,yes,high
SLYNTVETL,CASSDTVSYEQYF,0.9805,yes,high
TPQDLNWML,CASSLGIDAIYF,0.9805,yes,high
TPQDLETML,CASSLGIDAIYF,0.9804,yes,high
LLFGYPVYH,CASRPGLAGGRPEQYF,0.9804,yes,high
LLFGYPVYG,CASRPGLAGGRPEQYF,0.9803,yes,high
SLYNTSATL,CASSDTVSYEQYF,0.9803,yes,high
SLYNTVAKL,CASSDTVSYEQYF,0.9803,yes,high
TPQSLNTML,CASSLGIDAIYF,0.9802,yes,high
TPQDKNTML,CASSLGIDAIYF,0.9802,yes,high
TPQDLNDML,CASSLGIDAIYF,0.9802,yes,high
SLYNTDATL,CASSDTVSYEQYF,0.98,yes,high
TPQDLITML,CASSLGIDAIYF,0.9799,yes,high
NLVPMVAQV,CSAPVGGGGFTDTQYF,0.9798,yes,high
TPQGLNTML,CASSLGIDAIYF,0.9797,yes,high
TPQDLNQML,CASSLGIDAIYF,0.9797,yes,high
TPQDLDTML,CASSLGIDAIYF,0.9796,yes,high
SLYNTVKTL,CASSDTVSYEQYF,0.9796,yes,high
TPQVLNTML,CASSLGIDAIYF,0.9796,yes,high
TPQFLNTML,CASSLGIDAIYF,0.9794,yes,high
LLFGYPVYF,CASRPGLAGGRPEQYF,0.9794,yes,high
TPQDLVTML,CASSLGIDAIYF,0.9794,yes,high
TPQDLNTMM,CASSLGIDAIYF,0.9794,yes,high
NLVPMVANV,CSAPVGGGGFTDTQYF,0.9793,yes,high
TPQDLNTPL,CASSLGIDAIYF,0.9792,yes,high
TPGDLNTML,CASSLGIDAIYF,0.9791,yes,high
TPQDLNTKL,CASSLGIDAIYF,0.979,yes,high
NLVPMVAIV,CSAPVGGGGFTDTQYF,0.979,yes,high
SLYNTVPTL,CASSDTVSYEQYF,0.979,yes,high
SLYNTVLTL,CASSDTVSYEQYF,0.9788,yes,high
TPFDLNTML,CASSLGIDAIYF,0.9786,yes,high
TPQDLNTMN,CASSLGIDAIYF,0.9785,yes,high
SLYNTVDTL,CASSDTVSYEQYF,0.9784,yes,high
SLYNTVAML,CASSDTVSYEQYF,0.9783,yes,high
SLYNTVATT,CASSDTVSYEQYF,0.9783,yes,high
TPQDLNNML,CASSLGIDAIYF,0.9783,yes,high
TPQDLNMML,CASSLGIDAIYF,0.9782,yes,high
SLYNTVAGL,CASSDTVSYEQYF,0.9781,yes,high
TPQDLNTDL,CASSLGIDAIYF,0.978,yes,high
TPQDLNLML,CASSLGIDAIYF,0.978,yes,high
LLFGYPVYC,CASRPGLAGGRPEQYF,0.9779,yes,high
TPQDLNEML,CASSLGIDAIYF,0.9777,yes,high
SLYNTVAFL,CASSDTVSYEQYF,0.9776,yes,high
NLVPMVAVV,CSAPVGGGGFTDTQYF,0.9775,yes,high
TPQDLNTIL,CASSLGIDAIYF,0.9773,yes,high
SLYNTVATI,CASSDTVSYEQYF,0.9773,yes,high
TPQDLSTML,CASSLGIDAIYF,0.977,yes,high
SLYNTVATK,CASSDTVSYEQYF,0.9769,yes,high
TPQDLNSML,CASSLGIDAIYF,0.9768,yes,high
NLVPMVAKV,CSAPVGGGGFTDTQYF,0.9767,yes,high
SLYNTVANL,CASSDTVSYEQYF,0.9765,yes,high
TPQDLNTCL,CASSLGIDAIYF,0.9764,yes,high
TPQDLNTMH,CASSLGIDAIYF,0.9764,yes,high
TPQDLNTYL,CASSLGIDAIYF,0.9764,yes,high
LLFGYPVYD,CASRPGLAGGRPEQYF,0.9762,yes,high
TPQDLNRML,CASSLGIDAIYF,0.9761,yes,high
SLYNTVAHL,CASSDTVSYEQYF,0.9761,yes,high
TPQDLNTMC,CASSLGIDAIYF,0.9761,yes,high
TPQDLNTMD,CASSLGIDAIYF,0.9759,yes,high
TPQDLNTMY,CASSLGIDAIYF,0.9756,yes,high
TPQDLNTMQ,CASSLGIDAIYF,0.9755,yes,high
TPQDLNFML,CASSLGIDAIYF,0.9754,yes,high
TPQDLNTMA,CASSLGIDAIYF,0.9754,yes,high
TPQDLNTAL,CASSLGIDAIYF,0.9754,yes,high
TPQDLNTVL,CASSLGIDAIYF,0.9753,yes,high
TPQDLNTTL,CASSLGIDAIYF,0.9752,yes,high
TPQDLNTHL,CASSLGIDAIYF,0.9749,yes,high
TPQDLNTMR,CASSLGIDAIYF,0.9748,yes,high
TPQDLNTQL,CASSLGIDAIYF,0.9744,yes,high
TPQDLNTLL,CASSLGIDAIYF,0.9743,yes,high
LLFGYPVYE,CASRPGLAGGRPEQYF,0.9742,yes,high
NLVPMVARV,CSAPVGGGGFTDTQYF,0.974,yes,high
TPQDLNTMW,CASSLGIDAIYF,0.9739,yes,high
TPQDLNTMK,CASSLGIDAIYF,0.9739,yes,high
TPQDLNTWL,CASSLGIDAIYF,0.9738,yes,high
TPQDLNTMP,CASSLGIDAIYF,0.9736,yes,high
TPQDLNTMI,CASSLGIDAIYF,0.9736,yes,high
TPQDLNTMT,CASSLGIDAIYF,0.9735,yes,high
TPQDLNGML,CASSLGIDAIYF,0.9733,yes,high
TPQDLNTMG,CASSLGIDAIYF,0.9731,yes,high
SLYNTVAIL,CASSDTVSYEQYF,0.9728,yes,high
SLLMWGTQC,CASSYLNRDSALDF,0.9727,yes,high
LLFGYPVGV,CASRPGLAGGRPEQYF,0.9726,yes,high
LLFGYPVDV,CASRPGLAGGRPEQYF,0.9723,yes,high
LLFGYPVYY,CASRPGLAGGRPEQYF,0.9722,yes,high
LLFGYPVYA,CASRPGLAGGRPEQYF,0.9722,yes,high
LLFGYGVYV,CASRPGLAGGRPEQYF,0.9721,yes,high
LLFGYHVYV,CASRPGLAGGRPEQYF,0.9719,yes,high
SLLMWFTQC,CASSYLNRDSALDF,0.9719,yes,high
TPQDLNTEL,CASSLGIDAIYF,0.9718,yes,high
TPQDLNTSL,CASSLGIDAIYF,0.9715,yes,high
SLLMWRTQC,CASSYLNRDSALDF,0.9713,yes,high
LLFGYPVEV,CASRPGLAGGRPEQYF,0.9713,yes,high
LLFGYPVYQ,CASRPGLAGGRPEQYF,0.9713,yes,high
NLVPMVAPV,CSAPVGGGGFTDTQYF,0.9712,yes,high
SLLMWNTQC,CASSYLNRDSALDF,0.971,yes,high
LLGGYPVYV,CASRPGLAGGRPEQYF,0.9709,yes,high
LLFGYRVYV,CASRPGLAGGRPEQYF,0.9704,yes,high
LLFGYYVYV,CASRPGLAGGRPEQYF,0.9699,yes,high
LLFGYPFYV,CASRPGLAGGRPEQYF,0.9698,yes,high
LLFGYPVYN,CASRPGLAGGRPEQYF,0.9695,yes,high
LLFGYDVYV,CASRPGLAGGRPEQYF,0.9695,yes,high
LLCGYPVYV,CASRPGLAGGRPEQYF,0.9694,yes,high
LLFGPPVYV,CASRPGLAGGRPEQYF,0.9694,yes,high
TPQDLNTME,CASSLGIDAIYF,0.9693,yes,high
TPQDLNTGL,CASSLGIDAIYF,0.9693,yes,high
LLFCYPVYV,CASRPGLAGGRPEQYF,0.9692,yes,high
LLFDYPVYV,CASRPGLAGGRPEQYF,0.9688,yes,high
LLDGYPVYV,CASRPGLAGGRPEQYF,0.9685,yes,high
TPQDLNTRL,CASSLGIDAIYF,0.9685,yes,high
LLFGYCVYV,CASRPGLAGGRPEQYF,0.9684,yes,high
LLFGYWVYV,CASRPGLAGGRPEQYF,0.9682,yes,high
TPQDLNTMS,CASSLGIDAIYF,0.968,yes,high
LLFFYPVYV,CASRPGLAGGRPEQYF,0.9677,yes,high
LLFGYPVCV,CASRPGLAGGRPEQYF,0.9676,yes,high
LLFGYEVYV,CASRPGLAGGRPEQYF,0.9673,yes,high
SLLMVITQC,CASSYLNRDSALDF,0.9672,yes,high
LLFGYPVHV,CASRPGLAGGRPEQYF,0.9672,yes,high
LLFLYPVYV,CASRPGLAGGRPEQYF,0.967,yes,high
LLFGYVVYV,CASRPGLAGGRPEQYF,0.967,yes,high
LLFGYIVYV,CASRPGLAGGRPEQYF,0.9667,yes,high
LLFGEPVYV,CASRPGLAGGRPEQYF,0.9667,yes,high
LLFGYPVVV,CASRPGLAGGRPEQYF,0.9667,yes,high
LLFGYPAYV,CASRPGLAGGRPEQYF,0.9667,yes,high
LLFVYPVYV,CASRPGLAGGRPEQYF,0.9666,yes,high
LLFGYTVYV,CASRPGLAGGRPEQYF,0.9666,yes,high
LLFGYPPYV,CASRPGLAGGRPEQYF,0.9666,yes,high
LLFGYPVYW,CASRPGLAGGRPEQYF,0.9664,yes,high
NLVPMVASV,CSAPVGGGGFTDTQYF,0.9664,yes,high
TPQDLNTFL,CASSLGIDAIYF,0.9664,yes,high
SLLMWHTQC,CASSYLNRDSALDF,0.9664,yes,high
LLFGYMVYV,CASRPGLAGGRPEQYF,0.9664,yes,high
LLFGYQVYV,CASRPGLAGGRPEQYF,0.9664,yes,high
SLLMNITQC,CASSYLNRDSALDF,0.9663,yes,high
LLFAYPVYV,CASRPGLAGGRPEQYF,0.9663,yes,high
LLVGYPVYV,CASRPGLAGGRPEQYF,0.9662,yes,high
LLFYYPVYV,CASRPGLAGGRPEQYF,0.9661,yes,high
LLFGYFVYV,CASRPGLAGGRPEQYF,0.966,yes,high
LLFSYPVYV,CASRPGLAGGRPEQYF,0.9659,yes,high
LLFEYPVYV,CASRPGLAGGRPEQYF,0.9659,yes,high
LLAGYPVYV,CASRPGLAGGRPEQYF,0.9658,yes,high
LLHGYPVYV,CASRPGLAGGRPEQYF,0.9656,yes,high
LLFGYKVYV,CASRPGLAGGRPEQYF,0.9655,yes,high
PLFGYPVYV,CASRPGLAGGRPEQYF,0.9655,yes,high
LLEGYPVYV,CASRPGLAGGRPEQYF,0.9655,yes,high
RLFGYPVYV,CASRPGLAGGRPEQYF,0.9654,yes,high
LLFGSPVYV,CASRPGLAGGRPEQYF,0.9654,yes,high
GLFGYPVYV,CASRPGLAGGRPEQYF,0.9654,yes,high
LLFGYPVRV,CASRPGLAGGRPEQYF,0.9654,yes,high
ELFGYPVYV,CASRPGLAGGRPEQYF,0.9654,yes,high
LLQGYPVYV,CASRPGLAGGRPEQYF,0.9653,yes,high
LLFGYPCYV,CASRPGLAGGRPEQYF,0.9653,yes,high
LLWGYPVYV,CASRPGLAGGRPEQYF,0.9652,yes,high
CLFGYPVYV,CASRPGLAGGRPEQYF,0.9652,yes,high
LLFGYSVYV,CASRPGLAGGRPEQYF,0.965,yes,high
SLLMWYTQC,CASSYLNRDSALDF,0.9649,yes,high
YLFGYPVYV,CASRPGLAGGRPEQYF,0.9649,yes,high
ALFGYPVYV,CASRPGLAGGRPEQYF,0.9648,yes,high
LQFGYPVYV,CASRPGLAGGRPEQYF,0.9648,yes,high
WLFGYPVYV,CASRPGLAGGRPEQYF,0.9647,yes,high
LLLGYPVYV,CASRPGLAGGRPEQYF,0.9646,yes,high
LIFGYPVYV,CASRPGLAGGRPEQYF,0.9646,yes,high
PLLMWITQC,CASSYLNRDSALDF,0.9645,yes,high
LLFGYPVYM,CASRPGLAGGRPEQYF,0.9644,yes,high
VLFGYPVYV,CASRPGLAGGRPEQYF,0.9644,yes,high
TLFGYPVYV,CASRPGLAGGRPEQYF,0.9644,yes,high
LEFGYPVYV,CASRPGLAGGRPEQYF,0.9643,yes,high
LFFGYPVYV,CASRPGLAGGRPEQYF,0.9643,yes,high
DLFGYPVYV,CASRPGLAGGRPEQYF,0.9643,yes,high
LLFPYPVYV,CASRPGLAGGRPEQYF,0.9642,yes,high
LLFGYLVYV,CASRPGLAGGRPEQYF,0.9642,yes,high
LAFGYPVYV,CASRPGLAGGRPEQYF,0.9642,yes,high
SLLMFITQC,CASSYLNRDSALDF,0.9642,yes,high
TPQDLNTMV,CASSLGIDAIYF,0.9642,yes,high
MLFGYPVYV,CASRPGLAGGRPEQYF,0.9641,yes,high
LLFRYPVYV,CASRPGLAGGRPEQYF,0.9641,yes,high
LGFGYPVYV,CASRPGLAGGRPEQYF,0.9641,yes,high
LWFGYPVYV,CASRPGLAGGRPEQYF,0.964,yes,high
HLFGYPVYV,CASRPGLAGGRPEQYF,0.9639,yes,high
LSFGYPVYV,CASRPGLAGGRPEQYF,0.9639,yes,high
LDFGYPVYV,CASRPGLAGGRPEQYF,0.9639,yes,high
LLFGYPNYV,CASRPGLAGGRPEQYF,0.9639,yes,high
HLLMWITQC,CASSYLNRDSALDF,0.9638,yes,high
LYFGYPVYV,CASRPGLAGGRPEQYF,0.9638,yes,high
NLFGYPVYV,CASRPGLAGGRPEQYF,0.9638,yes,high
FLFGYPVYV,CASRPGLAGGRPEQYF,0.9638,yes,high
LLPGYPVYV,CASRPGLAGGRPEQYF,0.9638,yes,high
LLFGQPVYV,CASRPGLAGGRPEQYF,0.9637,yes,high
LLFGYPVYI,CASRPGLAGGRPEQYF,0.9637,yes,high
LLTGYPVYV,CASRPGLAGGRPEQYF,0.9637,yes,high
LLFGDPVYV,CASRPGLAGGRPEQYF,0.9637,yes,high
ILFGYPVYV,CASRPGLAGGRPEQYF,0.9636,yes,high
VLLMWITQC,CASSYLNRDSALDF,0.9636,yes,high
LLFGIPVYV,CASRPGLAGGRPEQYF,0.9636,yes,high
GLLMWITQC,CASSYLNRDSALDF,0.9635,yes,high
SLFGYPVYV,CASRPGLAGGRPEQYF,0.9634,yes,high
LCFGYPVYV,CASRPGLAGGRPEQYF,0.9634,yes,high
YLLMWITQC,CASSYLNRDSALDF,0.9634,yes,high
ALLMWITQC,CASSYLNRDSALDF,0.9633,yes,high
ELLMWITQC,CASSYLNRDSALDF,0.9632,yes,high
DLLMWITQC,CASSYLNRDSALDF,0.9632,yes,high
CLLMWITQC,CASSYLNRDSALDF,0.9632,yes,high
TLLMWITQC,CASSYLNRDSALDF,0.9632,yes,high
FLLMWITQC,CASSYLNRDSALDF,0.9632,yes,high
LLLMWITQC,CASSYLNRDSALDF,0.9632,yes,high
LLFGVPVYV,CASRPGLAGGRPEQYF,0.9631,yes,high
LLNGYPVYV,CASRPGLAGGRPEQYF,0.9629,yes,high
LLFGYPVYV,CASRPGLAGGRPEQYF,0.9629,yes,high
LTFGYPVYV,CASRPGLAGGRPEQYF,0.9628,yes,high
SLLMWKTQC,CASSYLNRDSALDF,0.9628,yes,high
LNFGYPVYV,CASRPGLAGGRPEQYF,0.9628,yes,high
LLFHYPVYV,CASRPGLAGGRPEQYF,0.9628,yes,high
LLSGYPVYV,CASRPGLAGGRPEQYF,0.9627,yes,high
LLYGYPVYV,CASRPGLAGGRPEQYF,0.9627,yes,high
KLLMWITQC,CASSYLNRDSALDF,0.9627,yes,high
SLLMWWTQC,CASSYLNRDSALDF,0.9626,yes,high
ILLMWITQC,CASSYLNRDSALDF,0.9626,yes,high
SLLMWITQC,CASSYLNRDSALDF,0.9626,yes,high
LLFGYPTYV,CASRPGLAGGRPEQYF,0.9624,yes,high
LLFGTPVYV,CASRPGLAGGRPEQYF,0.9624,yes,high
QLLMWITQC,CASSYLNRDSALDF,0.9624,yes,high
SLLMYITQC,CASSYLNRDSALDF,0.9624,yes,high
LLFGYPIYV,CASRPGLAGGRPEQYF,0.9623,yes,high
LVFGYPVYV,CASRPGLAGGRPEQYF,0.9623,yes,high
LLFGCPVYV,CASRPGLAGGRPEQYF,0.9623,yes,high
WLLMWITQC,CASSYLNRDSALDF,0.9623,yes,high
KLFGYPVYV,CASRPGLAGGRPEQYF,0.9623,yes,high
LLFGYPVFV,CASRPGLAGGRPEQYF,0.9622,yes,high
QLFGYPVYV,CASRPGLAGGRPEQYF,0.9621,yes,high
SLLMRITQC,CASSYLNRDSALDF,0.9621,yes,high
LPFGYPVYV,CASRPGLAGGRPEQYF,0.9621,yes,high
LLFGAPVYV,CASRPGLAGGRPEQYF,0.9621,yes,high
MLLMWITQC,CASSYLNRDSALDF,0.962,yes,high
LHFGYPVYV,CASRPGLAGGRPEQYF,0.9617,yes,high
LLMGYPVYV,CASRPGLAGGRPEQYF,0.9615,yes,high
SLPMWITQC,CASSYLNRDSALDF,0.9615,yes,high
LLFGHPVYV,CASRPGLAGGRPEQYF,0.9615,yes,high
SLLMWATQC,CASSYLNRDSALDF,0.9614,yes,high
LLFGWPVYV,CASRPGLAGGRPEQYF,0.9614,yes,high
LLFGYPWYV,CASRPGLAGGRPEQYF,0.9613,yes,high
LLRGYPVYV,CASRPGLAGGRPEQYF,0.9613,yes,high
NLLMWITQC,CASSYLNRDSALDF,0.9612,yes,high
SQLMWITQC,CASSYLNRDSALDF,0.9612,yes,high
LMFGYPVYV,CASRPGLAGGRPEQYF,0.9612,yes,high
SLLMWITSC,CASSYLNRDSALDF,0.9611,yes,high
LLFGYPVYL,CASRPGLAGGRPEQYF,0.961,yes,high
FMNKFIQEI,CASSDAGTSQNTLYF,0.961,yes,high
SLLPWITQC,CASSYLNRDSALDF,0.961,yes,high
SLLAWITQC,CASSYLNRDSALDF,0.961,yes,high
SLLQWITQC,CASSYLNRDSALDF,0.9609,yes,high
SHLMWITQC,CASSYLNRDSALDF,0.9609,yes,high
SLLMWTTQC,CASSYLNRDSALDF,0.9608,yes,high
LLFGYNVYV,CASRPGLAGGRPEQYF,0.9608,yes,high
LLFGYPVWV,CASRPGLAGGRPEQYF,0.9606,yes,high
LLFGYPDYV,CASRPGLAGGRPEQYF,0.9605,yes,high
SLTMWITQC,CASSYLNRDSALDF,0.9603,yes,high
LKFGYPVYV,CASRPGLAGGRPEQYF,0.9603,yes,high
SVLMWITQC,CASSYLNRDSALDF,0.9603,yes,high
LLFGYPYYV,CASRPGLAGGRPEQYF,0.9603,yes,high
LLFTYPVYV,CASRPGLAGGRPEQYF,0.9602,yes,high
LRFGYPVYV,CASRPGLAGGRPEQYF,0.9602,yes,high
SLLYWITQC,CASSYLNRDSALDF,0.9601,yes,high
LLFQYPVYV,CASRPGLAGGRPEQYF,0.9597,yes,high
SKLMWITQC,CASSYLNRDSALDF,0.9596,yes,high
LLFGMPVYV,CASRPGLAGGRPEQYF,0.9596,yes,high
SLLNWITQC,CASSYLNRDSALDF,0.9595,yes,high
LLFGYPVLV,CASRPGLAGGRPEQYF,0.9594,yes,high
LLFWYPVYV,CASRPGLAGGRPEQYF,0.9593,yes,high
LLFMYPVYV,CASRPGLAGGRPEQYF,0.9593,yes,high
LLFNYPVYV,CASRPGLAGGRPEQYF,0.9593,yes,high
SPLMWITQC,CASSYLNRDSALDF,0.9592,yes,high
SILMWITQC,CASSYLNRDSALDF,0.959,yes,high
RLLMWITQC,CASSYLNRDSALDF,0.959,yes,high
SSLMWITQC,CASSYLNRDSALDF,0.9589,yes,high
LLFGRPVYV,CASRPGLAGGRPEQYF,0.9588,yes,high
LLFGGPVYV,CASRPGLAGGRPEQYF,0.9586,yes,high
SYLMWITQC,CASSYLNRDSALDF,0.9586,yes,high
LLFGLPVYV,CASRPGLAGGRPEQYF,0.9584,yes,high
LLFGYPVIV,CASRPGLAGGRPEQYF,0.9583,yes,high
SLLMWETQC,CASSYLNRDSALDF,0.9583,yes,high
SLLCWITQC,CASSYLNRDSALDF,0.9583,yes,high
SALMWITQC,CASSYLNRDSALDF,0.9582,yes,high
SGLMWITQC,CASSYLNRDSALDF,0.9582,yes,high
SLLRWITQC,CASSYLNRDSALDF,0.9581,yes,high
SLLMPITQC,CASSYLNRDSALDF,0.9579,yes,high
SLIMWITQC,CASSYLNRDSALDF,0.9577,yes,high
SLLMAITQC,CASSYLNRDSALDF,0.9577,yes,high
SFLMWITQC,CASSYLNRDSALDF,0.9575,yes,high
SCLMWITQC,CASSYLNRDSALDF,0.9575,yes,high
LLFGYPVMV,CASRPGLAGGRPEQYF,0.9574,yes,high
LLIGYPVYV,CASRPGLAGGRPEQYF,0.9574,yes,high
SLYMWITQC,CASSYLNRDSALDF,0.9574,yes,high
LLFGYPVYS,CASRPGLAGGRPEQYF,0.9573,yes,high
LLFIYPVYV,CASRPGLAGGRPEQYF,0.9573,yes,high
SLVMWITQC,CASSYLNRDSALDF,0.9571,yes,high
SLLMMITQC,CASSYLNRDSALDF,0.9571,yes,high
SMLMWITQC,CASSYLNRDSALDF,0.9568,yes,high
LLFGYPEYV,CASRPGLAGGRPEQYF,0.9568,yes,high
SLLMWITQM,CASSYLNRDSALDF,0.9565,yes,high
SLLMTITQC,CASSYLNRDSALDF,0.9564,yes,high
SLAMWITQC,CASSYLNRDSALDF,0.9562,yes,high
SLLMSITQC,CASSYLNRDSALDF,0.9562,yes,high
SLQMWITQC,CASSYLNRDSALDF,0.9562,yes,high
LLFGYPVTV,CASRPGLAGGRPEQYF,0.9562,yes,high
SRLMWITQC,CASSYLNRDSALDF,0.9561,yes,high
SWLMWITQC,CASSYLNRDSALDF,0.9561,yes,high
SLLMIITQC,CASSYLNRDSALDF,0.956,yes,high
SLLMGITQC,CASSYLNRDSALDF,0.9559,yes,high
LLFGYPVYP,CASRPGLAGGRPEQYF,0.9558,yes,high
SLLMWITAC,CASSYLNRDSALDF,0.9558,yes,high
SLLMWCTQC,CASSYLNRDSALDF,0.9555,yes,high
SLLWWITQC,CASSYLNRDSALDF,0.9553,yes,high
LLFGYPSYV,CASRPGLAGGRPEQYF,0.9553,yes,high
LLFKYPVYV,CASRPGLAGGRPEQYF,0.9553,yes,high
TPQDLNTMF,CASSLGIDAIYF,0.9551,yes,high
SLLTWITQC,CASSYLNRDSALDF,0.9551,yes,high
LLFGYPGYV,CASRPGLAGGRPEQYF,0.9546,yes,high
SLMMWITQC,CASSYLNRDSALDF,0.9545,yes,high
SDLMWITQC,CASSYLNRDSALDF,0.9544,yes,high
SELMWITQC,CASSYLNRDSALDF,0.9543,yes,high
SLHMWITQC,CASSYLNRDSALDF,0.9542,yes,high
SLDMWITQC,CASSYLNRDSALDF,0.9538,yes,high
SLRMWITQC,CASSYLNRDSALDF,0.9537,yes,high
LLFGYPHYV,CASRPGLAGGRPEQYF,0.9536,yes,high
SLLMQITQC,CASSYLNRDSALDF,0.9535,yes,high
SLLIWITQC,CASSYLNRDSALDF,0.9532,yes,high
SLCMWITQC,CASSYLNRDSALDF,0.9532,yes,high
LLKGYPVYV,CASRPGLAGGRPEQYF,0.9532,yes,high
LLFGYPVYR,CASRPGLAGGRPEQYF,0.9531,yes,high
LLFGYPVSV,CASRPGLAGGRPEQYF,0.953,yes,high
SLLKWITQC,CASSYLNRDSALDF,0.9528,yes,high
LLFGYPQYV,CASRPGLAGGRPEQYF,0.9527,yes,high
SLLMWITMC,CASSYLNRDSALDF,0.9524,yes,high
SLLMCITQC,CASSYLNRDSALDF,0.9522,yes,high
SLLMWMTQC,CASSYLNRDSALDF,0.952,yes,high
SNLMWITQC,CASSYLNRDSALDF,0.9518,yes,high
SLLDWITQC,CASSYLNRDSALDF,0.9518,yes,high
SLSMWITQC,CASSYLNRDSALDF,0.9517,yes,high
SLLVWITQC,CASSYLNRDSALDF,0.9513,yes,high
SLLMWITTC,CASSYLNRDSALDF,0.9513,yes,high
SLLMWITYC,CASSYLNRDSALDF,0.9513,yes,high
LLFGYPVKV,CASRPGLAGGRPEQYF,0.9512,yes,high
SLLMWQTQC,CASSYLNRDSALDF,0.9511,yes,high
SLLMWITDC,CASSYLNRDSALDF,0.951,yes,high
SLGMWITQC,CASSYLNRDSALDF,0.951,yes,high
SLLMWLTQC,CASSYLNRDSALDF,0.9507,yes,high
STLMWITQC,CASSYLNRDSALDF,0.9505,yes,high
LLFGNPVYV,CASRPGLAGGRPEQYF,0.9504,yes,high
SLFMWITQC,CASSYLNRDSALDF,0.9504,yes,high
SLLMWITQP,CASSYLNRDSALDF,0.9502,yes,high
SLLMWITEC,CASSYLNRDSALDF,0.95,yes,high
SLWMWITQC,CASSYLNRDSALDF,0.95,yes,high
SLLSWITQC,CASSYLNRDSALDF,0.95,yes,high
SLLEWITQC,CASSYLNRDSALDF,0.9499,yes,medium
SLLMEITQC,CASSYLNRDSALDF,0.9492,yes,medium
SLLMWIPQC,CASSYLNRDSALDF,0.949,yes,medium
SLLMWIVQC,CASSYLNRDSALDF,0.9486,yes,medium
SLLLWITQC,CASSYLNRDSALDF,0.9485,yes,medium
LLFGYPLYV,CASRPGLAGGRPEQYF,0.9485,yes,medium
LLFGYPVYK,CASRPGLAGGRPEQYF,0.9479,yes,medium
LLFGYPMYV,CASRPGLAGGRPEQYF,0.9479,yes,medium
SLLMWITQL,CASSYLNRDSALDF,0.9472,yes,medium
SLLFWITQC,CASSYLNRDSALDF,0.947,yes,medium
SLLMWITHC,CASSYLNRDSALDF,0.9464,yes,medium
SLLMWITQD,CASSYLNRDSALDF,0.9462,yes,medium
SLLMWPTQC,CASSYLNRDSALDF,0.9461,yes,medium
LLFGYPKYV,CASRPGLAGGRPEQYF,0.9458,yes,medium
SLLMWIFQC,CASSYLNRDSALDF,0.9457,yes,medium
SLKMWITQC,CASSYLNRDSALDF,0.9452,yes,medium
SLLMWITQG,CASSYLNRDSALDF,0.945,yes,medium
LLFGYPVNV,CASRPGLAGGRPEQYF,0.9438,yes,medium
FMNKFIWEI,CASSDAGTSQNTLYF,0.9438,yes,medium
SLLMKITQC,CASSYLNRDSALDF,0.9432,yes,medium
SLLMWIAQC,CASSYLNRDSALDF,0.943,yes,medium
SLEMWITQC,CASSYLNRDSALDF,0.9429,yes,medium
VPSVWLSSL,CASSLTSFYEQYF,0.9425,yes,medium
SLLMWITQN,CASSYLNRDSALDF,0.9425,yes,medium
SLLMWISQC,CASSYLNRDSALDF,0.9424,yes,medium
VPSPWRSSL,CASSLTSFYEQYF,0.9419,yes,medium
SLLMWVTQC,CASSYLNRDSALDF,0.9408,yes,medium
SLLMWITVC,CASSYLNRDSALDF,0.9404,yes,medium
SLLMDITQC,CASSYLNRDSALDF,0.9387,yes,medium
SLLMWITCC,CASSYLNRDSALDF,0.9385,yes,medium
SLLMWIWQC,CASSYLNRDSALDF,0.9381,yes,medium
SLLMHITQC,CASSYLNRDSALDF,0.9381,yes,medium
SLLMWITLC,CASSYLNRDSALDF,0.938,yes,medium
SLLMWIRQC,CASSYLNRDSALDF,0.9379,yes,medium
LLFGYPVPV,CASRPGLAGGRPEQYF,0.9377,yes,medium
LLFGYPVQV,CASRPGLAGGRPEQYF,0.9372,yes,medium
SLLMWIYQC,CASSYLNRDSALDF,0.936,yes,medium
SLLMWITQY,CASSYLNRDSALDF,0.936,yes,medium
SLLMWITWC,CASSYLNRDSALDF,0.9356,yes,medium
SLLMWITQA,CASSYLNRDSALDF,0.9354,yes,medium
SLNMWITQC,CASSYLNRDSALDF,0.935,yes,medium
SLLMLITQC,CASSYLNRDSALDF,0.9349,yes,medium
SLLMWINQC,CASSYLNRDSALDF,0.9348,yes,medium
SLLMWITPC,CASSYLNRDSALDF,0.9348,yes,medium
SLLHWITQC,CASSYLNRDSALDF,0.9332,yes,medium
SLLMWDTQC,CASSYLNRDSALDF,0.9331,yes,medium
SLLMWITGC,CASSYLNRDSALDF,0.9324,yes,medium
SLLMWICQC,CASSYLNRDSALDF,0.9314,yes,medium
SLLMWIGQC,CASSYLNRDSALDF,0.9307,yes,medium
SLLMWITKC,CASSYLNRDSALDF,0.9303,yes,medium
SLYNTIATL,CASSDTVSYEQYF,0.9303,yes,medium
SLLMWITQH,CASSYLNRDSALDF,0.9302,yes,medium
VPSVWRHSL,CASSLTSFYEQYF,0.9295,yes,medium
SLLMWITQV,CASSYLNRDSALDF,0.9288,yes,medium
VPSVWRSPL,CASSLTSFYEQYF,0.928,yes,medium
SLLMWITQE,CASSYLNRDSALDF,0.9252,yes,medium
SLLGWITQC,CASSYLNRDSALDF,0.9248,yes,medium
SLLMWITNC,CASSYLNRDSALDF,0.9236,yes,medium
SLLMWIEQC,CASSYLNRDSALDF,0.9235,yes,medium
FMNKFIYYI,CASSDAGTSQNTLYF,0.9215,yes,medium
SLLMWITQS,CASSYLNRDSALDF,0.9189,yes,medium
SLLMWITQQ,CASSYLNRDSALDF,0.9185,yes,medium
SLLMWITRC,CASSYLNRDSALDF,0.9174,yes,medium
SLLMWITQT,CASSYLNRDSALDF,0.9174,yes,medium
SLLMWITFC,CASSYLNRDSALDF,0.9168,yes,medium
SLLMWITIC,CASSYLNRDSALDF,0.9165,yes,medium
ALWGPDPPAA,CASSLWEKLAKNIQYF,0.9164,yes,medium
SLLMWSTQC,CASSYLNRDSALDF,0.9155,yes,medium
SLLMWITQI,CASSYLNRDSALDF,0.9152,yes,medium
VPSVWRSGL,CASSLTSFYEQYF,0.9127,yes,medium
SLLMWITQF,CASSYLNRDSALDF,0.9125,yes,medium
ALWGPDPAAR,CASSLWEKLAKNIQYF,0.9121,yes,medium
SLLMWITQK,CASSYLNRDSALDF,0.9115,yes,medium
SLLMWITQR,CASSYLNRDSALDF,0.9106,yes,medium
ALWGPDPAHA,CASSLWEKLAKNIQYF,0.9104,yes,medium
ALWGPPPAAA,CASSLWEKLAKNIQYF,0.908,yes,medium
SLLMWITQW,CASSYLNRDSALDF,0.9077,yes,medium
ALWGPDFAAA,CASSLWEKLAKNIQYF,0.9051,yes,medium
ALWGRDPAAA,CASSLWEKLAKNIQYF,0.9023,yes,medium
SLLMWIQQC,CASSYLNRDSALDF,0.9013,yes,medium
ALWGPFPAAA,CASSLWEKLAKNIQYF,0.9001,yes,medium
SLLMWILQC,CASSYLNRDSALDF,0.8999,yes,medium
ALWNPDPAAA,CASSLWEKLAKNIQYF,0.8994,yes,medium
SLLMWIKQC,CASSYLNRDSALDF,0.8984,yes,medium
ALWGPDPANA,CASSLWEKLAKNIQYF,0.898,yes,medium
ALWLPDPAAA,CASSLWEKLAKNIQYF,0.8956,yes,medium
ALWGPDIAAA,CASSLWEKLAKNIQYF,0.8954,yes,medium
ALWGPDPAAH,CASSLWEKLAKNIQYF,0.8949,yes,medium
SLLMWIMQC,CASSYLNRDSALDF,0.8941,yes,medium
ALWGPDPARA,CASSLWEKLAKNIQYF,0.8928,yes,medium
ALWGPNPAAA,CASSLWEKLAKNIQYF,0.8922,yes,medium
ALWYPDPAAA,CASSLWEKLAKNIQYF,0.8911,yes,medium
ALWGPGPAAA,CASSLWEKLAKNIQYF,0.8906,yes,medium
ALWGPDPADA,CASSLWEKLAKNIQYF,0.8906,yes,medium
ALWGPDPIAA,CASSLWEKLAKNIQYF,0.8903,yes,medium
ALWGEDPAAA,CASSLWEKLAKNIQYF,0.89,yes,medium
ALWQPDPAAA,CASSLWEKLAKNIQYF,0.889,yes,medium
ALWGDDPAAA,CASSLWEKLAKNIQYF,0.889,yes,medium
ALWGADPAAA,CASSLWEKLAKNIQYF,0.8885,yes,medium
APWGPDPAAA,CASSLWEKLAKNIQYF,0.8884,yes,medium
ALWGPDPAAI,CASSLWEKLAKNIQYF,0.8882,yes,medium
ALWAPDPAAA,CASSLWEKLAKNIQYF,0.8881,yes,medium
ALWGMDPAAA,CASSLWEKLAKNIQYF,0.8881,yes,medium
LLFGYAVYV,CASRPGLAGGRPEQYF,0.888,yes,medium
ALWGPDTAAA,CASSLWEKLAKNIQYF,0.8875,yes,medium
AIWGPDPAAA,CASSLWEKLAKNIQYF,0.8875,yes,medium
ALWKPDPAAA,CASSLWEKLAKNIQYF,0.886,yes,medium
SLLMWIDQC,CASSYLNRDSALDF,0.8857,yes,medium
AVWGPDPAAA,CASSLWEKLAKNIQYF,0.8856,yes,medium
ALWGFDPAAA,CASSLWEKLAKNIQYF,0.8855,yes,medium
ALWGPDDAAA,CASSLWEKLAKNIQYF,0.8855,yes,medium
AQWGPDPAAA,CASSLWEKLAKNIQYF,0.8846,yes,medium
ALWGPDEAAA,CASSLWEKLAKNIQYF,0.8841,yes,medium
ALWGPDAAAA,CASSLWEKLAKNIQYF,0.8841,yes,medium
ALWEPDPAAA,CASSLWEKLAKNIQYF,0.884,yes,medium
ALWGYDPAAA,CASSLWEKLAKNIQYF,0.8839,yes,medium
ALWGTDPAAA,CASSLWEKLAKNIQYF,0.8837,yes,medium
ALWDPDPAAA,CASSLWEKLAKNIQYF,0.8835,yes,medium
AMWGPDPAAA,CASSLWEKLAKNIQYF,0.8835,yes,medium
ALWPPDPAAA,CASSLWEKLAKNIQYF,0.8832,yes,medium
ALWWPDPAAA,CASSLWEKLAKNIQYF,0.8828,yes,medium
ADWGPDPAAA,CASSLWEKLAKNIQYF,0.8825,yes,medium
ALWGPDPNAA,CASSLWEKLAKNIQYF,0.8823,yes,medium
ALWGPDPAMA,CASSLWEKLAKNIQYF,0.8817,yes,medium
ANWGPDPAAA,CASSLWEKLAKNIQYF,0.8816,yes,medium
AGWGPDPAAA,CASSLWEKLAKNIQYF,0.8815,yes,medium
ALWGPDPAAN,CASSLWEKLAKNIQYF,0.8812,yes,medium
ALWGWDPAAA,CASSLWEKLAKNIQYF,0.8808,yes,medium
ALWCPDPAAA,CASSLWEKLAKNIQYF,0.8807,yes,medium
ALGGPDPAAA,CASSLWEKLAKNIQYF,0.8804,yes,medium
ALWGPDPAAQ,CASSLWEKLAKNIQYF,0.8801,yes,medium
AKWGPDPAAA,CASSLWEKLAKNIQYF,0.8801,yes,medium
ALWGPDWAAA,CASSLWEKLAKNIQYF,0.8796,yes,medium
ALWGPEPAAA,CASSLWEKLAKNIQYF,0.8796,yes,medium
ALWGCDPAAA,CASSLWEKLAKNIQYF,0.8794,yes,medium
ALWFPDPAAA,CASSLWEKLAKNIQYF,0.8791,yes,medium
ALWGPDCAAA,CASSLWEKLAKNIQYF,0.8789,yes,medium
ALWGPDPACA,CASSLWEKLAKNIQYF,0.8788,yes,medium
AWWGPDPAAA,CASSLWEKLAKNIQYF,0.8782,yes,medium
AAWGPDPAAA,CASSLWEKLAKNIQYF,0.878,yes,medium
ALWVPDPAAA,CASSLWEKLAKNIQYF,0.878,yes,medium
ARWGPDPAAA,CASSLWEKLAKNIQYF,0.8778,yes,medium
ALQGPDPAAA,CASSLWEKLAKNIQYF,0.8776,yes,medium
AHWGPDPAAA,CASSLWEKLAKNIQYF,0.8774,yes,medium
AEWGPDPAAA,CASSLWEKLAKNIQYF,0.877,yes,medium
ALWGPDRAAA,CASSLWEKLAKNIQYF,0.8763,yes,medium
ALWGPDHAAA,CASSLWEKLAKNIQYF,0.8759,yes,medium
GLWGPDPAAA,CASSLWEKLAKNIQYF,0.8758,yes,medium
ALWHPDPAAA,CASSLWEKLAKNIQYF,0.8756,yes,medium
FLWGPDPAAA,CASSLWEKLAKNIQYF,0.8756,yes,medium
ALWGPDYAAA,CASSLWEKLAKNIQYF,0.8756,yes,medium
QLWGPDPAAA,CASSLWEKLAKNIQYF,0.8753,yes,medium
ALWGVDPAAA,CASSLWEKLAKNIQYF,0.8752,yes,medium
ALVGPDPAAA,CASSLWEKLAKNIQYF,0.8751,yes,medium
ALWGIDPAAA,CASSLWEKLAKNIQYF,0.8749,yes,medium
ALWGPDSAAA,CASSLWEKLAKNIQYF,0.8746,yes,medium
ATWGPDPAAA,CASSLWEKLAKNIQYF,0.8746,yes,medium
ALWGPDPAAC,CASSLWEKLAKNIQYF,0.8745,yes,medium
ALWGPDVAAA,CASSLWEKLAKNIQYF,0.874,yes,medium
ALWTPDPAAA,CASSLWEKLAKNIQYF,0.8738,yes,medium
HLWGPDPAAA,CASSLWEKLAKNIQYF,0.8736,yes,medium
SLWGPDPAAA,CASSLWEKLAKNIQYF,0.8736,yes,medium
MLWGPDPAAA,CASSLWEKLAKNIQYF,0.8735,yes,medium
ALWGSDPAAA,CASSLWEKLAKNIQYF,0.8735,yes,medium
ALWGPDPAAP,CASSLWEKLAKNIQYF,0.8735,yes,medium
ALWGPCPAAA,CASSLWEKLAKNIQYF,0.8735,yes,medium
ALWGPQPAAA,CASSLWEKLAKNIQYF,0.8734,yes,medium
ALWIPDPAAA,CASSLWEKLAKNIQYF,0.8729,yes,medium
RLWGPDPAAA,CASSLWEKLAKNIQYF,0.8729,yes,medium
ALWGNDPAAA,CASSLWEKLAKNIQYF,0.8728,yes,medium
AYWGPDPAAA,CASSLWEKLAKNIQYF,0.8728,yes,medium
ALWGPDPYAA,CASSLWEKLAKNIQYF,0.8725,yes,medium
ALWGHDPAAA,CASSLWEKLAKNIQYF,0.8725,yes,medium
ALWGPDNAAA,CASSLWEKLAKNIQYF,0.8725,yes,medium
ALWGKDPAAA,CASSLWEKLAKNIQYF,0.8723,yes,medium
ACWGPDPAAA,CASSLWEKLAKNIQYF,0.8722,yes,medium
ELWGPDPAAA,CASSLWEKLAKNIQYF,0.8721,yes,medium
ALWMPDPAAA,CASSLWEKLAKNIQYF,0.8721,yes,medium
ASWGPDPAAA,CASSLWEKLAKNIQYF,0.872,yes,medium
CLWGPDPAAA,CASSLWEKLAKNIQYF,0.8717,yes,medium
WLWGPDPAAA,CASSLWEKLAKNIQYF,0.8713,yes,medium
VLWGPDPAAA,CASSLWEKLAKNIQYF,0.871,yes,medium
YLWGPDPAAA,CASSLWEKLAKNIQYF,0.8706,yes,medium
ALWGPDPAAA,CASSLWEKLAKNIQYF,0.8705,yes,medium
TLWGPDPAAA,CASSLWEKLAKNIQYF,0.8705,yes,medium
AFWGPDPAAA,CASSLWEKLAKNIQYF,0.8705,yes,medium
SLLMWIHQC,CASSYLNRDSALDF,0.8699,yes,medium
ALWGPDPAAD,CASSLWEKLAKNIQYF,0.8695,yes,medium
ALWGPRPAAA,CASSLWEKLAKNIQYF,0.8691,yes,medium
ALWGPYPAAA,CASSLWEKLAKNIQYF,0.8691,yes,medium
ALWGPDGAAA,CASSLWEKLAKNIQYF,0.8686,yes,medium
DLWGPDPAAA,CASSLWEKLAKNIQYF,0.8686,yes,medium
ILWGPDPAAA,CASSLWEKLAKNIQYF,0.8685,yes,medium
ALTGPDPAAA,CASSLWEKLAKNIQYF,0.8684,yes,medium
ALWGPDPAYA,CASSLWEKLAKNIQYF,0.8681,yes,medium
ALCGPDPAAA,CASSLWEKLAKNIQYF,0.8681,yes,medium
ALWGPDPHAA,CASSLWEKLAKNIQYF,0.8676,yes,medium
PLWGPDPAAA,CASSLWEKLAKNIQYF,0.8675,yes,medium
NLWGPDPAAA,CASSLWEKLAKNIQYF,0.8674,yes,medium
KLWGPDPAAA,CASSLWEKLAKNIQYF,0.8673,yes,medium
ALHGPDPAAA,CASSLWEKLAKNIQYF,0.8664,yes,medium
ALWGPAPAAA,CASSLWEKLAKNIQYF,0.8662,yes,medium
ALAGPDPAAA,CASSLWEKLAKNIQYF,0.866,yes,medium
ALWGPDPAAY,CASSLWEKLAKNIQYF,0.866,yes,medium
ALWSPDPAAA,CASSLWEKLAKNIQYF,0.8658,yes,medium
ALWGPDPAAE,CASSLWEKLAKNIQYF,0.8651,yes,medium
ALWRPDPAAA,CASSLWEKLAKNIQYF,0.8648,yes,medium
ALWGPDPDAA,CASSLWEKLAKNIQYF,0.8648,yes,medium
ALDGPDPAAA,CASSLWEKLAKNIQYF,0.8647,yes,medium
ALWGPDPQAA,CASSLWEKLAKNIQYF,0.8643,yes,medium
ALWGPDPAQA,CASSLWEKLAKNIQYF,0.8643,yes,medium
ALYGPDPAAA,CASSLWEKLAKNIQYF,0.8641,yes,medium
ALWGPDPAIA,CASSLWEKLAKNIQYF,0.8641,yes,medium
ALWGPDPAAG,CASSLWEKLAKNIQYF,0.8639,yes,medium
ALWGPDPAAV,CASSLWEKLAKNIQYF,0.8634,yes,medium
LLWGPDPAAA,CASSLWEKLAKNIQYF,0.8628,yes,medium
ALWGLDPAAA,CASSLWEKLAKNIQYF,0.8621,yes,medium
ALWGPSPAAA,CASSLWEKLAKNIQYF,0.8618,yes,medium
SLVLGILSV,CATAPGLSYEQYF,0.8616,yes,medium
ALWGPDPEAA,CASSLWEKLAKNIQYF,0.8614,yes,medium
SLALGILSV,CATAPGLSYEQYF,0.8603,yes,medium
ALWGPDPAAS,CASSLWEKLAKNIQYF,0.8588,yes,medium
ALKGPDPAAA,CASSLWEKLAKNIQYF,0.8586,yes,medium
ALWGPDPCAA,CASSLWEKLAKNIQYF,0.8586,yes,medium
ALEGPDPAAA,CASSLWEKLAKNIQYF,0.8584,yes,medium
ALMGPDPAAA,CASSLWEKLAKNIQYF,0.8584,yes,medium
ALWGPWPAAA,CASSLWEKLAKNIQYF,0.8583,yes,medium
ALWGQDPAAA,CASSLWEKLAKNIQYF,0.8575,yes,medium
ALIGPDPAAA,CASSLWEKLAKNIQYF,0.8572,yes,medium
ALWGPDPTAA,CASSLWEKLAKNIQYF,0.8565,yes,medium
ALRGPDPAAA,CASSLWEKLAKNIQYF,0.8558,yes,medium
ALPGPDPAAA,CASSLWEKLAKNIQYF,0.8548,yes,medium
ALWGGDPAAA,CASSLWEKLAKNIQYF,0.8548,yes,medium
ALSGPDPAAA,CASSLWEKLAKNIQYF,0.8542,yes,medium
ALWGPDPAAW,CASSLWEKLAKNIQYF,0.8542,yes,medium
ALWGPDPAAM,CASSLWEKLAKNIQYF,0.8541,yes,medium
ALWGPDPASA,CASSLWEKLAKNIQYF,0.8541,yes,medium
ALLGPDPAAA,CASSLWEKLAKNIQYF,0.8532,yes,medium
ALWGPDKAAA,CASSLWEKLAKNIQYF,0.8523,yes,medium
ALWGPVPAAA,CASSLWEKLAKNIQYF,0.8509,yes,medium
ALFGPDPAAA,CASSLWEKLAKNIQYF,0.8495,yes,medium
ALWGPDPVAA,CASSLWEKLAKNIQYF,0.8482,yes,medium
SVFLGILSV,CATAPGLSYEQYF,0.8475,yes,medium
ALWGPHPAAA,CASSLWEKLAKNIQYF,0.8475,yes,medium
ALWGPDPAEA,CASSLWEKLAKNIQYF,0.847,yes,medium
ALWGPDPATA,CASSLWEKLAKNIQYF,0.846,yes,medium
ALWGPDPWAA,CASSLWEKLAKNIQYF,0.8446,yes,medium
ALWGPTPAAA,CASSLWEKLAKNIQYF,0.8431,yes,medium
ALWGPDPAPA,CASSLWEKLAKNIQYF,0.843,yes,medium
ALWGPDPRAA,CASSLWEKLAKNIQYF,0.8426,yes,medium
ALWGPMPAAA,CASSLWEKLAKNIQYF,0.8419,yes,medium
ALWGPDPSAA,CASSLWEKLAKNIQYF,0.8408,yes,medium
ALNGPDPAAA,CASSLWEKLAKNIQYF,0.8402,yes,medium
ALWGPDPAWA,CASSLWEKLAKNIQYF,0.8394,yes,medium
ALWGPDPMAA,CASSLWEKLAKNIQYF,0.8386,yes,medium
ALWGPDPAAK,CASSLWEKLAKNIQYF,0.8379,yes,medium
SLLMWIIQC,CASSYLNRDSALDF,0.8359,yes,medium
ALWGPIPAAA,CASSLWEKLAKNIQYF,0.8353,yes,medium
ALWGPDPAGA,CASSLWEKLAKNIQYF,0.8328,yes,medium
ALWGPKPAAA,CASSLWEKLAKNIQYF,0.8317,yes,medium
KLFLGILSV,CATAPGLSYEQYF,0.8307,yes,medium
ALWGPDPAAT,CASSLWEKLAKNIQYF,0.8289,yes,medium
ALWGPDQAAA,CASSLWEKLAKNIQYF,0.824,yes,medium
ALWGPDPFAA,CASSLWEKLAKNIQYF,0.8216,yes,medium
ALWGPLPAAA,CASSLWEKLAKNIQYF,0.819,yes,medium
ALWGPDPAAL,CASSLWEKLAKNIQYF,0.8177,yes,medium
ALWGPDPGAA,CASSLWEKLAKNIQYF,0.816,yes,medium
ALWGPDPAAF,CASSLWEKLAKNIQYF,0.8156,yes,medium
VPSVWNSSL,CASSLTSFYEQYF,0.8099,yes,medium
ALWGPDPALA,CASSLWEKLAKNIQYF,0.8072,yes,medium
LLFGYPRYV,CASRPGLAGGRPEQYF,0.8069,yes,medium
ALWGPDMAAA,CASSLWEKLAKNIQYF,0.7975,yes,low
LLFGYPVAV,CASRPGLAGGRPEQYF,0.7897,yes,low
ALWGPDLAAA,CASSLWEKLAKNIQYF,0.7815,yes,low
ALWGPDPKAA,CASSLWEKLAKNIQYF,0.7743,yes,low
ALWGPDPAVA,CASSLWEKLAKNIQYF,0.7679,yes,low
ALWGPDPAKA,CASSLWEKLAKNIQYF,0.7674,yes,low
ALWGPDPLAA,CASSLWEKLAKNIQYF,0.7673,yes,low
LLFGKPVYV,CASRPGLAGGRPEQYF,0.7474,yes,low
SLFLGINSV,CATAPGLSYEQYF,0.7216,yes,low
LLFGFPVYV,CASRPGLAGGRPEQYF,0.699,yes,low
FMNKFIDEI,CASSDAGTSQNTLYF,0.6952,yes,low
ALWGPDPAFA,CASSLWEKLAKNIQYF,0.6899,yes,low
VPSVWRSML,CASSLTSFYEQYF,0.6821,yes,low
YMDGTMVQV,CAISPTEEGGLIFPGNTIYF,0.5501,yes,low
FMNKFIYGI,CASSDAGTSQNTLYF,0.4572,no,/
VPSVWGSSL,CASSLTSFYEQYF,0.4384,no,/
SLFLGYLSV,CATAPGLSYEQYF,0.4342,no,/
YMFGTMSQV,CAISPTEEGGLIFPGNTIYF,0.4275,no,/
SLFLGIISV,CATAPGLSYEQYF,0.3962,no,/
FMNKFIVEI,CASSDAGTSQNTLYF,0.3698,no,/
SLFLGIGSV,CATAPGLSYEQYF,0.356,no,/
SLFLGILST,CATAPGLSYEQYF,0.3011,no,/
VPSVWASSL,CASSLTSFYEQYF,0.2795,no,/
VPSVWFSSL,CASSLTSFYEQYF,0.226,no,/
SLFLGIFSV,CATAPGLSYEQYF,0.1844,no,/
VPSVWVSSL,CASSLTSFYEQYF,0.1793,no,/
VPSVGRSSL,CASSLTSFYEQYF,0.1277,no,/
VPGVWRSSL,CASSLTSFYEQYF,0.1172,no,/
APSVWRSSL,CASSLTSFYEQYF,0.1156,no,/
VPSVWYSSL,CASSLTSFYEQYF,0.1062,no,/
VPSVWKSSL,CASSLTSFYEQYF,0.103,no,/
VPSVWPSSL,CASSLTSFYEQYF,0.0985,no,/
SLFLGISSV,CATAPGLSYEQYF,0.0969,no,/
SLFLGILSP,CATAPGLSYEQYF,0.095,no,/
VPSVWRSVL,CASSLTSFYEQYF,0.0945,no,/
SLFLGILSN,CATAPGLSYEQYF,0.0938,no,/
SLFLGILSR,CATAPGLSYEQYF,0.0923,no,/
SLFLGIRSV,CATAPGLSYEQYF,0.092,no,/
SLFLGILSS,CATAPGLSYEQYF,0.0899,no,/
MVDPIGHLY,CASSPNMADEQYF,0.0806,no,/
SLFNGILSV,CATAPGLSYEQYF,0.0787,no,/
SLFLGILSQ,CATAPGLSYEQYF,0.075,no,/
NMNKFIYEI,CASSDAGTSQNTLYF,0.0729,no,/
SLFLGILVV,CATAPGLSYEQYF,0.0726,no,/
SLFLGILLV,CATAPGLSYEQYF,0.0718,no,/
SLFLGITSV,CATAPGLSYEQYF,0.0714,no,/
VPSVWRSTL,CASSLTSFYEQYF,0.0711,no,/
SLFLGIKSV,CATAPGLSYEQYF,0.0697,no,/
SLFLGTLSV,CATAPGLSYEQYF,0.0686,no,/
VPSVWRSAL,CASSLTSFYEQYF,0.0668,no,/
SLFLGILSW,CATAPGLSYEQYF,0.0654,no,/
SLFLGIQSV,CATAPGLSYEQYF,0.0635,no,/
SLFLGIASV,CATAPGLSYEQYF,0.0632,no,/
FMNKFIEEI,CASSDAGTSQNTLYF,0.0612,no,/
SLFLGILSC,CATAPGLSYEQYF,0.0608,no,/
SLFLNILSV,CATAPGLSYEQYF,0.0585,no,/
SLFLHILSV,CATAPGLSYEQYF,0.0568,no,/
SLFLGIYSV,CATAPGLSYEQYF,0.0566,no,/
SLFLTILSV,CATAPGLSYEQYF,0.0566,no,/
SLFLGIHSV,CATAPGLSYEQYF,0.0554,no,/
SLFLQILSV,CATAPGLSYEQYF,0.0547,no,/
SLFLGILAV,CATAPGLSYEQYF,0.0543,no,/
SLFLGILSA,CATAPGLSYEQYF,0.054,no,/
SLFLGILSY,CATAPGLSYEQYF,0.0536,no,/
SLFLYILSV,CATAPGLSYEQYF,0.0535,no,/
VPSVWRSCL,CASSLTSFYEQYF,0.0526,no,/
SLFLEILSV,CATAPGLSYEQYF,0.0524,no,/
SLFLGILSD,CATAPGLSYEQYF,0.0516,no,/
SLFLGIWSV,CATAPGLSYEQYF,0.0513,no,/
SLFLIILSV,CATAPGLSYEQYF,0.0511,no,/
VPRVWRSSL,CASSLTSFYEQYF,0.0509,no,/
SLFLLILSV,CATAPGLSYEQYF,0.0503,no,/
VPSVWRFSL,CASSLTSFYEQYF,0.0502,no,/
SLFLDILSV,CATAPGLSYEQYF,0.05,no,/
VPSVWRSHL,CASSLTSFYEQYF,0.0497,no,/
VPSVWRRSL,CASSLTSFYEQYF,0.0497,no,/
VPSVWRQSL,CASSLTSFYEQYF,0.0496,no,/
VPSRWRSSL,CASSLTSFYEQYF,0.0494,no,/
SLFLAILSV,CATAPGLSYEQYF,0.0493,no,/
FMNKFIGEI,CASSDAGTSQNTLYF,0.0491,no,/
VPSQWRSSL,CASSLTSFYEQYF,0.0488,no,/
VPSSWRSSL,CASSLTSFYEQYF,0.0487,no,/
FMNKFILEI,CASSDAGTSQNTLYF,0.0486,no,/
SLFLPILSV,CATAPGLSYEQYF,0.0482,no,/
VPQVWRSSL,CASSLTSFYEQYF,0.0473,no,/
VPSWWRSSL,CASSLTSFYEQYF,0.0473,no,/
SLFLGILTV,CATAPGLSYEQYF,0.0469,no,/
SLFLFILSV,CATAPGLSYEQYF,0.0465,no,/
VPSVWRGSL,CASSLTSFYEQYF,0.0465,no,/
VPSVFRSSL,CASSLTSFYEQYF,0.0464,no,/
SLFLGILSM,CATAPGLSYEQYF,0.0459,no,/
VPSVWRISL,CASSLTSFYEQYF,0.0456,no,/
VPWVWRSSL,CASSLTSFYEQYF,0.0455,no,/
VPSYWRSSL,CASSLTSFYEQYF,0.0454,no,/
VPSNWRSSL,CASSLTSFYEQYF,0.0454,no,/
VPSVRRSSL,CASSLTSFYEQYF,0.045,no,/
VPPVWRSSL,CASSLTSFYEQYF,0.0448,no,/
SLFLGILSL,CATAPGLSYEQYF,0.0447,no,/
VPHVWRSSL,CASSLTSFYEQYF,0.0447,no,/
VPYVWRSSL,CASSLTSFYEQYF,0.0444,no,/
VPAVWRSSL,CASSLTSFYEQYF,0.0442,no,/
SLFLGILKV,CATAPGLSYEQYF,0.044,no,/
SLFLGICSV,CATAPGLSYEQYF,0.044,no,/
RPSVWRSSL,CASSLTSFYEQYF,0.0439,no,/
SLFLGILSH,CATAPGLSYEQYF,0.0439,no,/
FMNKFIYHI,CASSDAGTSQNTLYF,0.0437,no,/
VPSMWRSSL,CASSLTSFYEQYF,0.0436,no,/
VPSAWRSSL,CASSLTSFYEQYF,0.0434,no,/
VPVVWRSSL,CASSLTSFYEQYF,0.0433,no,/
VPSIWRSSL,CASSLTSFYEQYF,0.0433,no,/
VPSTWRSSL,CASSLTSFYEQYF,0.043,no,/
SPSVWRSSL,CASSLTSFYEQYF,0.0429,no,/
VPSCWRSSL,CASSLTSFYEQYF,0.0429,no,/
VPSVYRSSL,CASSLTSFYEQYF,0.0424,no,/
VPSVVRSSL,CASSLTSFYEQYF,0.0424,no,/
VPSVWRTSL,CASSLTSFYEQYF,0.0424,no,/
VPSVWRSSL,CASSLTSFYEQYF,0.0422,no,/
SLFLCILSV,CATAPGLSYEQYF,0.0419,no,/
VPSVPRSSL,CASSLTSFYEQYF,0.0419,no,/
VPSVNRSSL,CASSLTSFYEQYF,0.0419,no,/
SLFLGIESV,CATAPGLSYEQYF,0.0417,no,/
HPSVWRSSL,CASSLTSFYEQYF,0.0417,no,/
FMNKFIYQI,CASSDAGTSQNTLYF,0.0416,no,/
GPSVWRSSL,CASSLTSFYEQYF,0.0416,no,/
IPSVWRSSL,CASSLTSFYEQYF,0.0415,no,/
YPSVWRSSL,CASSLTSFYEQYF,0.0415,no,/
WPSVWRSSL,CASSLTSFYEQYF,0.0414,no,/
VPSDWRSSL,CASSLTSFYEQYF,0.0413,no,/
FPSVWRSSL,CASSLTSFYEQYF,0.0413,no,/
CPSVWRSSL,CASSLTSFYEQYF,0.0413,no,/
TPSVWRSSL,CASSLTSFYEQYF,0.0412,no,/
EPSVWRSSL,CASSLTSFYEQYF,0.0411,no,/
FMNKFIPEI,CASSDAGTSQNTLYF,0.041,no,/
VPSVWRKSL,CASSLTSFYEQYF,0.0409,no,/
VPCVWRSSL,CASSLTSFYEQYF,0.0408,no,/
LPSVWRSSL,CASSLTSFYEQYF,0.0407,no,/
SLFLRILSV,CATAPGLSYEQYF,0.0406,no,/
KPSVWRSSL,CASSLTSFYEQYF,0.0405,no,/
SLFLSILSV,CATAPGLSYEQYF,0.0405,no,/
VPSVWRVSL,CASSLTSFYEQYF,0.0402,no,/
VPFVWRSSL,CASSLTSFYEQYF,0.0401,no,/
FMNKFIYKI,CASSDAGTSQNTLYF,0.0399,no,/
VPSVARSSL,CASSLTSFYEQYF,0.0396,no,/
VPSVTRSSL,CASSLTSFYEQYF,0.0396,no,/
NPSVWRSSL,CASSLTSFYEQYF,0.0394,no,/
VPSVIRSSL,CASSLTSFYEQYF,0.0394,no,/
VPSVWRYSL,CASSLTSFYEQYF,0.0394,no,/
MPSVWRSSL,CASSLTSFYEQYF,0.0391,no,/
VPKVWRSSL,CASSLTSFYEQYF,0.039,no,/
VPTVWRSSL,CASSLTSFYEQYF,0.039,no,/
VPSGWRSSL,CASSLTSFYEQYF,0.0389,no,/
VPSVHRSSL,CASSLTSFYEQYF,0.0387,no,/
VPNVWRSSL,CASSLTSFYEQYF,0.0384,no,/
QPSVWRSSL,CASSLTSFYEQYF,0.0383,no,/
GRLKRLCQR,CASSLARQGSNEQYF,0.0379,no,/
VPSVQRSSL,CASSLTSFYEQYF,0.0377,no,/
VPDVWRSSL,CASSLTSFYEQYF,0.0375,no,/
VPSEWRSSL,CASSLTSFYEQYF,0.0374,no,/
SLFLGIDSV,CATAPGLSYEQYF,0.0374,no,/
VPEVWRSSL,CASSLTSFYEQYF,0.0371,no,/
VPSVLRSSL,CASSLTSFYEQYF,0.037,no,/
SLFLGILSG,CATAPGLSYEQYF,0.037,no,/
VPSKWRSSL,CASSLTSFYEQYF,0.0368,no,/
VPSVWRWSL,CASSLTSFYEQYF,0.0368,no,/
VPMVWRSSL,CASSLTSFYEQYF,0.0365,no,/
VPSVMRSSL,CASSLTSFYEQYF,0.0362,no,/
SLFLWILSV,CATAPGLSYEQYF,0.0361,no,/
FMNKFIYTI,CASSDAGTSQNTLYF,0.0361,no,/
VPSVWTSSL,CASSLTSFYEQYF,0.0358,no,/
VPIVWRSSL,CASSLTSFYEQYF,0.0357,no,/
SLFLGIMSV,CATAPGLSYEQYF,0.0356,no,/
VPSVWRSIL,CASSLTSFYEQYF,0.0355,no,/
VPSVDRSSL,CASSLTSFYEQYF,0.0355,no,/
SLFLGILSK,CATAPGLSYEQYF,0.0352,no,/
VPSVWRSSM,CASSLTSFYEQYF,0.0352,no,/
VPSVWRESL,CASSLTSFYEQYF,0.0351,no,/
SLFLGILSE,CATAPGLSYEQYF,0.0351,no,/
VPSHWRSSL,CASSLTSFYEQYF,0.0349,no,/
VPSFWRSSL,CASSLTSFYEQYF,0.0348,no,/
VPSVCRSSL,CASSLTSFYEQYF,0.0344,no,/
SLFLGILSF,CATAPGLSYEQYF,0.0342,no,/
SLFLGILSI,CATAPGLSYEQYF,0.0342,no,/
SLFLGILGV,CATAPGLSYEQYF,0.034,no,/
YMDGTMSGV,CAISPTEEGGLIFPGNTIYF,0.0339,no,/
VPSVSRSSL,CASSLTSFYEQYF,0.0339,no,/
VPSVWRCSL,CASSLTSFYEQYF,0.0337,no,/
VMDGTMSQV,CAISPTEEGGLIFPGNTIYF,0.0336,no,/
VPSVKRSSL,CASSLTSFYEQYF,0.0326,no,/
SLFLGILYV,CATAPGLSYEQYF,0.0324,no,/
YMNGTMSQV,CAISPTEEGGLIFPGNTIYF,0.032,no,/
SLFLGILHV,CATAPGLSYEQYF,0.0316,no,/
FPNKFIYEI,CASSDAGTSQNTLYF,0.0314,no,/
FMNKFIYDI,CASSDAGTSQNTLYF,0.0314,no,/
VPSVWRPSL,CASSLTSFYEQYF,0.0312,no,/
VPSVWRSLL,CASSLTSFYEQYF,0.0312,no,/
YMDGTMSPV,CAISPTEEGGLIFPGNTIYF,0.0312,no,/
FFNKFIYEI,CASSDAGTSQNTLYF,0.031,no,/
FNNKFIYEI,CASSDAGTSQNTLYF,0.0309,no,/
FWNKFIYEI,CASSDAGTSQNTLYF,0.0309,no,/
FMNKFIYRI,CASSDAGTSQNTLYF,0.0306,no,/
FANKFIYEI,CASSDAGTSQNTLYF,0.0304,no,/
SLFLMILSV,CATAPGLSYEQYF,0.0304,no,/
FTNKFIYEI,CASSDAGTSQNTLYF,0.0303,no,/
FKNKFIYEI,CASSDAGTSQNTLYF,0.0302,no,/
FQNKFIYEI,CASSDAGTSQNTLYF,0.0302,no,/
SLFLGILIV,CATAPGLSYEQYF,0.0302,no,/
FHNKFIYEI,CASSDAGTSQNTLYF,0.0299,no,/
FMNKFIMEI,CASSDAGTSQNTLYF,0.0299,no,/
FSNKFIYEI,CASSDAGTSQNTLYF,0.0299,no,/
FGNKFIYEI,CASSDAGTSQNTLYF,0.0298,no,/
FENKFIYEI,CASSDAGTSQNTLYF,0.0297,no,/
FCNKFIYEI,CASSDAGTSQNTLYF,0.0294,no,/
VPSVWRDSL,CASSLTSFYEQYF,0.0292,no,/
GRLKALCQM,CASSLARQGSNEQYF,0.0292,no,/
VPSLWRSSL,CASSLTSFYEQYF,0.0291,no,/
FDNKFIYEI,CASSDAGTSQNTLYF,0.0291,no,/
FINKFIYEI,CASSDAGTSQNTLYF,0.029,no,/
VPSVWSSSL,CASSLTSFYEQYF,0.0285,no,/
FRNKFIYEI,CASSDAGTSQNTLYF,0.0285,no,/
VPSVWQSSL,CASSLTSFYEQYF,0.0283,no,/
FMNKFIYVI,CASSDAGTSQNTLYF,0.0282,no,/
SLFLGILEV,CATAPGLSYEQYF,0.0278,no,/
VPSVWRLSL,CASSLTSFYEQYF,0.0278,no,/
VPSVWRNSL,CASSLTSFYEQYF,0.0276,no,/
SLFLGHLSV,CATAPGLSYEQYF,0.0276,no,/
SLFLGILCV,CATAPGLSYEQYF,0.0274,no,/
FMDGTMSQV,CAISPTEEGGLIFPGNTIYF,0.0273,no,/
FLNKFIYEI,CASSDAGTSQNTLYF,0.0273,no,/
SLFLGELSV,CATAPGLSYEQYF,0.027,no,/
SLFLGIPSV,CATAPGLSYEQYF,0.027,no,/
GRLKALLQR,CASSLARQGSNEQYF,0.0269,no,/
SLFLGILDV,CATAPGLSYEQYF,0.0269,no,/
GRLKALCLR,CASSLARQGSNEQYF,0.0268,no,/
SLFSGILSV,CATAPGLSYEQYF,0.0268,no,/
YMDGTMEQV,CAISPTEEGGLIFPGNTIYF,0.0264,no,/
FMNKFIYEL,CASSDAGTSQNTLYF,0.0263,no,/
GRLKALCQP,CASSLARQGSNEQYF,0.0262,no,/
SLFLGILWV,CATAPGLSYEQYF,0.0262,no,/
SLFLGLLSV,CATAPGLSYEQYF,0.0261,no,/
FMNKFMYEI,CASSDAGTSQNTLYF,0.026,no,/
FMNKFIYEN,CASSDAGTSQNTLYF,0.026,no,/
YMDGTMHQV,CAISPTEEGGLIFPGNTIYF,0.0258,no,/
SLFLGKLSV,CATAPGLSYEQYF,0.0257,no,/
SIFLGILSV,CATAPGLSYEQYF,0.0256,no,/
SLFLGQLSV,CATAPGLSYEQYF,0.0256,no,/
SPFLGILSV,CATAPGLSYEQYF,0.0256,no,/
SLFLGILRV,CATAPGLSYEQYF,0.0256,no,/
SLFLGFLSV,CATAPGLSYEQYF,0.0255,no,/
FMNKFIHEI,CASSDAGTSQNTLYF,0.0254,no,/
FMNKFIYEP,CASSDAGTSQNTLYF,0.0254,no,/
SLFLGILNV,CATAPGLSYEQYF,0.0254,no,/
FMNKFIYAI,CASSDAGTSQNTLYF,0.0253,no,/
SLFLGILFV,CATAPGLSYEQYF,0.0252,no,/
VPSVWRMSL,CASSLTSFYEQYF,0.0251,no,/
SNFLGILSV,CATAPGLSYEQYF,0.0251,no,/
SLFLGVLSV,CATAPGLSYEQYF,0.025,no,/
FMNKFIYMI,CASSDAGTSQNTLYF,0.0249,no,/
LRLKALCQR,CASSLARQGSNEQYF,0.0248,no,/
FMNKFIYCI,CASSDAGTSQNTLYF,0.0248,no,/
SLFPGILSV,CATAPGLSYEQYF,0.0247,no,/
GRLDALCQR,CASSLARQGSNEQYF,0.0247,no,/
SLPLGILSV,CATAPGLSYEQYF,0.0246,no,/
SLFLGSLSV,CATAPGLSYEQYF,0.0244,no,/
FMNKFIYNI,CASSDAGTSQNTLYF,0.0239,no,/
AMDGTMSQV,CAISPTEEGGLIFPGNTIYF,0.0239,no,/
FMNKFIYEM,CASSDAGTSQNTLYF,0.0239,no,/
SLFLGALSV,CATAPGLSYEQYF,0.0239,no,/
SLQLGILSV,CATAPGLSYEQYF,0.0238,no,/
SQFLGILSV,CATAPGLSYEQYF,0.0237,no,/
SMFLGILSV,CATAPGLSYEQYF,0.0237,no,/
SLFWGILSV,CATAPGLSYEQYF,0.0237,no,/
YMDGTLSQV,CAISPTEEGGLIFPGNTIYF,0.0237,no,/
SWFLGILSV,CATAPGLSYEQYF,0.0236,no,/
SYFLGILSV,CATAPGLSYEQYF,0.0235,no,/
SHFLGILSV,CATAPGLSYEQYF,0.0235,no,/
FMNKFITEI,CASSDAGTSQNTLYF,0.0234,no,/
SLTLGILSV,CATAPGLSYEQYF,0.0234,no,/
SRFLGILSV,CATAPGLSYEQYF,0.0234,no,/
SCFLGILSV,CATAPGLSYEQYF,0.0233,no,/
SLFLGRLSV,CATAPGLSYEQYF,0.0233,no,/
FMNKFIYWI,CASSDAGTSQNTLYF,0.0231,no,/
SLFYGILSV,CATAPGLSYEQYF,0.023,no,/
SLFTGILSV,CATAPGLSYEQYF,0.023,no,/
SGFLGILSV,CATAPGLSYEQYF,0.023,no,/
GRLKALCTR,CASSLARQGSNEQYF,0.0229,no,/
SLGLGILSV,CATAPGLSYEQYF,0.0229,no,/
GLFLGILSV,CATAPGLSYEQYF,0.0229,no,/
FMNKEIYEI,CASSDAGTSQNTLYF,0.0228,no,/
SLFIGILSV,CATAPGLSYEQYF,0.0228,no,/
SSFLGILSV,CATAPGLSYEQYF,0.0228,no,/
YMLGTMSQV,CAISPTEEGGLIFPGNTIYF,0.0228,no,/
FMNKFIYPI,CASSDAGTSQNTLYF,0.0226,no,/
VPSVWISSL,CASSLTSFYEQYF,0.0226,no,/
SLFVGILSV,CATAPGLSYEQYF,0.0225,no,/
YMDGTRSQV,CAISPTEEGGLIFPGNTIYF,0.0225,no,/
STFLGILSV,CATAPGLSYEQYF,0.0224,no,/
YMDITMSQV,CAISPTEEGGLIFPGNTIYF,0.0224,no,/
SLRLGILSV,CATAPGLSYEQYF,0.0224,no,/
LLFLGILSV,CATAPGLSYEQYF,0.0224,no,/
YMDETMSQV,CAISPTEEGGLIFPGNTIYF,0.0223,no,/
HLFLGILSV,CATAPGLSYEQYF,0.0223,no,/
SDFLGILSV,CATAPGLSYEQYF,0.0223,no,/
SLLLGILSV,CATAPGLSYEQYF,0.0223,no,/
SLFHGILSV,CATAPGLSYEQYF,0.0223,no,/
SKFLGILSV,CATAPGLSYEQYF,0.0222,no,/
SLFLGILSV,CATAPGLSYEQYF,0.0222,no,/
RLFLGILSV,CATAPGLSYEQYF,0.0222,no,/
SLFMGILSV,CATAPGLSYEQYF,0.0222,no,/
QLFLGILSV,CATAPGLSYEQYF,0.0222,no,/
VLFLGILSV,CATAPGLSYEQYF,0.0222,no,/
TLFLGILSV,CATAPGLSYEQYF,0.0221,no,/
DLFLGILSV,CATAPGLSYEQYF,0.0221,no,/
GRLKALCQN,CASSLARQGSNEQYF,0.0221,no,/
WLFLGILSV,CATAPGLSYEQYF,0.0221,no,/
SLNLGILSV,CATAPGLSYEQYF,0.0221,no,/
FLFLGILSV,CATAPGLSYEQYF,0.022,no,/
ALFLGILSV,CATAPGLSYEQYF,0.022,no,/
SEFLGILSV,CATAPGLSYEQYF,0.022,no,/
CLFLGILSV,CATAPGLSYEQYF,0.022,no,/
GRLKALCKR,CASSLARQGSNEQYF,0.022,no,/
GRLKAGCQR,CASSLARQGSNEQYF,0.022,no,/
GRLKALKQR,CASSLARQGSNEQYF,0.0219,no,/
MLFLGILSV,CATAPGLSYEQYF,0.0219,no,/
GRLKALCQT,CASSLARQGSNEQYF,0.0219,no,/
NLFLGILSV,CATAPGLSYEQYF,0.0219,no,/
SLFCGILSV,CATAPGLSYEQYF,0.0219,no,/
FMNKFIKEI,CASSDAGTSQNTLYF,0.0219,no,/
SFFLGILSV,CATAPGLSYEQYF,0.0218,no,/
PLFLGILSV,CATAPGLSYEQYF,0.0218,no,/
SLILGILSV,CATAPGLSYEQYF,0.0217,no,/
FMNKFIYEQ,CASSDAGTSQNTLYF,0.0217,no,/
SLYLGILSV,CATAPGLSYEQYF,0.0217,no,/
YMDPTMSQV,CAISPTEEGGLIFPGNTIYF,0.0217,no,/
GRLKALCQH,CASSLARQGSNEQYF,0.0217,no,/
SLFAGILSV,CATAPGLSYEQYF,0.0217,no,/
ILFLGILSV,CATAPGLSYEQYF,0.0217,no,/
SLFLGILMV,CATAPGLSYEQYF,0.0216,no,/
SLHLGILSV,CATAPGLSYEQYF,0.0215,no,/
VPSVWWSSL,CASSLTSFYEQYF,0.0214,no,/
VPSVWESSL,CASSLTSFYEQYF,0.0214,no,/
FVNKFIYEI,CASSDAGTSQNTLYF,0.0214,no,/
SLSLGILSV,CATAPGLSYEQYF,0.0213,no,/
VPSVWRSQL,CASSLTSFYEQYF,0.0213,no,/
EVDPIGLLY,CASSPNMADEQYF,0.0213,no,/
SLFLGNLSV,CATAPGLSYEQYF,0.0213,no,/
GRLKALNQR,CASSLARQGSNEQYF,0.0213,no,/
SLFLGCLSV,CATAPGLSYEQYF,0.0212,no,/
VPSVWRSSV,CASSLTSFYEQYF,0.0212,no,/
SLFDGILSV,CATAPGLSYEQYF,0.0212,no,/
FMNKFIYII,CASSDAGTSQNTLYF,0.0211,no,/
SLFRGILSV,CATAPGLSYEQYF,0.0211,no,/
ELFLGILSV,CATAPGLSYEQYF,0.021,no,/
GRLKALTQR,CASSLARQGSNEQYF,0.021,no,/
SLDLGILSV,CATAPGLSYEQYF,0.0209,no,/
VPSVWHSSL,CASSLTSFYEQYF,0.0208,no,/
YMDGIMSQV,CAISPTEEGGLIFPGNTIYF,0.0208,no,/
SLFLGILQV,CATAPGLSYEQYF,0.0208,no,/
SLCLGILSV,CATAPGLSYEQYF,0.0208,no,/
GRLKALMQR,CASSLARQGSNEQYF,0.0206,no,/
GRLKALCSR,CASSLARQGSNEQYF,0.0206,no,/
SLKLGILSV,CATAPGLSYEQYF,0.0206,no,/
SLFKGILSV,CATAPGLSYEQYF,0.0206,no,/
HMDGTMSQV,CAISPTEEGGLIFPGNTIYF,0.0205,no,/
SAFLGILSV,CATAPGLSYEQYF,0.0204,no,/
SLFLGDLSV,CATAPGLSYEQYF,0.0204,no,/
FMNPFIYEI,CASSDAGTSQNTLYF,0.0204,no,/
SLFLGIVSV,CATAPGLSYEQYF,0.0202,no,/
VPSVWRSSI,CASSLTSFYEQYF,0.0202,no,/
SLELGILSV,CATAPGLSYEQYF,0.0202,no,/
VPSVWRSFL,CASSLTSFYEQYF,0.0202,no,/
GMDGTMSQV,CAISPTEEGGLIFPGNTIYF,0.0201,no,/
YMRGTMSQV,CAISPTEEGGLIFPGNTIYF,0.0201,no,/
SLFQGILSV,CATAPGLSYEQYF,0.0201,no,/
PMDGTMSQV,CAISPTEEGGLIFPGNTIYF,0.0201,no,/
SLWLGILSV,CATAPGLSYEQYF,0.0201,no,/
CMDGTMSQV,CAISPTEEGGLIFPGNTIYF,0.02,no,/
FMNKFIYLI,CASSDAGTSQNTLYF,0.02,no,/
WMDGTMSQV,CAISPTEEGGLIFPGNTIYF,0.02,no,/
VPSVWRSYL,CASSLTSFYEQYF,0.0199,no,/
NMDGTMSQV,CAISPTEEGGLIFPGNTIYF,0.0199,no,/
QMDGTMSQV,CAISPTEEGGLIFPGNTIYF,0.0199,no,/
SLMLGILSV,CATAPGLSYEQYF,0.0199,no,/
EMDGTMSQV,CAISPTEEGGLIFPGNTIYF,0.0198,no,/
GRLKALCQG,CASSLARQGSNEQYF,0.0198,no,/
SLFLGILPV,CATAPGLSYEQYF,0.0197,no,/
DMDGTMSQV,CAISPTEEGGLIFPGNTIYF,0.0197,no,/
SLFLGMLSV,CATAPGLSYEQYF,0.0197,no,/
SLFGGILSV,CATAPGLSYEQYF,0.0196,no,/
GRLKALCQC,CASSLARQGSNEQYF,0.0195,no,/
YMDGSMSQV,CAISPTEEGGLIFPGNTIYF,0.0195,no,/
FMQKFIYEI,CASSDAGTSQNTLYF,0.0195,no,/
GRLKALCQL,CASSLARQGSNEQYF,0.0193,no,/
FMNKFISEI,CASSDAGTSQNTLYF,0.0192,no,/
SLFFGILSV,CATAPGLSYEQYF,0.0192,no,/
YMDGTNSQV,CAISPTEEGGLIFPGNTIYF,0.0191,no,/
FMNKRIYEI,CASSDAGTSQNTLYF,0.0189,no,/
YMDGNMSQV,CAISPTEEGGLIFPGNTIYF,0.0188,no,/
FMHKFIYEI,CASSDAGTSQNTLYF,0.0185,no,/
GRLKALCQD,CASSLARQGSNEQYF,0.0184,no,/
GRLKATCQR,CASSLARQGSNEQYF,0.0183,no,/
FMNKFIYET,CASSDAGTSQNTLYF,0.0183,no,/
GRLKAFCQR,CASSLARQGSNEQYF,0.0183,no,/
YMDGTQSQV,CAISPTEEGGLIFPGNTIYF,0.0183,no,/
GRLAALCQR,CASSLARQGSNEQYF,0.0182,no,/
FMRKFIYEI,CASSDAGTSQNTLYF,0.0178,no,/
GRLKALVQR,CASSLARQGSNEQYF,0.0178,no,/
GRLKALCMR,CASSLARQGSNEQYF,0.0178,no,/
FMNKNIYEI,CASSDAGTSQNTLYF,0.0177,no,/
IIDQVPFSV,CASSPRGGTADTQYF,0.0177,no,/
FMCKFIYEI,CASSDAGTSQNTLYF,0.0177,no,/
GRLKALCIR,CASSLARQGSNEQYF,0.0176,no,/
FMNKFIYER,CASSDAGTSQNTLYF,0.0176,no,/
FMVKFIYEI,CASSDAGTSQNTLYF,0.0176,no,/
VPSVERSSL,CASSLTSFYEQYF,0.0175,no,/
YMDGTFSQV,CAISPTEEGGLIFPGNTIYF,0.0175,no,/
GRLKAWCQR,CASSLARQGSNEQYF,0.0175,no,/
FMWKFIYEI,CASSDAGTSQNTLYF,0.0175,no,/
SLFLGPLSV,CATAPGLSYEQYF,0.0175,no,/
EVDPIGHLN,CASSPNMADEQYF,0.0174,no,/
GRLKAQCQR,CASSLARQGSNEQYF,0.0174,no,/
GRLKALQQR,CASSLARQGSNEQYF,0.0173,no,/
FMYKFIYEI,CASSDAGTSQNTLYF,0.0173,no,/
GRLKAHCQR,CASSLARQGSNEQYF,0.0172,no,/
IQDQVPFSV,CASSPRGGTADTQYF,0.0172,no,/
GRLKAACQR,CASSLARQGSNEQYF,0.0172,no,/
GRLKASCQR,CASSLARQGSNEQYF,0.0172,no,/
FMPKFIYEI,CASSDAGTSQNTLYF,0.0172,no,/
RMDGTMSQV,CAISPTEEGGLIFPGNTIYF,0.0171,no,/
IPDQVPFSV,CASSPRGGTADTQYF,0.0171,no,/
SLFLGGLSV,CATAPGLSYEQYF,0.0171,no,/
GRLKAYCQR,CASSLARQGSNEQYF,0.0171,no,/
FMNKFIYEY,CASSDAGTSQNTLYF,0.0171,no,/
FMNKFIYES,CASSDAGTSQNTLYF,0.0171,no,/
YMDGHMSQV,CAISPTEEGGLIFPGNTIYF,0.0171,no,/
FMMKFIYEI,CASSDAGTSQNTLYF,0.017,no,/
GRLKALCQY,CASSLARQGSNEQYF,0.017,no,/
GMNKFIYEI,CASSDAGTSQNTLYF,0.017,no,/
GRLWALCQR,CASSLARQGSNEQYF,0.0169,no,/
HMNKFIYEI,CASSDAGTSQNTLYF,0.0169,no,/
FMAKFIYEI,CASSDAGTSQNTLYF,0.0169,no,/
FMGKFIYEI,CASSDAGTSQNTLYF,0.0169,no,/
GRLKALIQR,CASSLARQGSNEQYF,0.0169,no,/
GRLKALCRR,CASSLARQGSNEQYF,0.0169,no,/
GRLKALCQA,CASSLARQGSNEQYF,0.0168,no,/
GRLKALCAR,CASSLARQGSNEQYF,0.0168,no,/
FMSKFIYEI,CASSDAGTSQNTLYF,0.0168,no,/
VMNKFIYEI,CASSDAGTSQNTLYF,0.0167,no,/
YMDNTMSQV,CAISPTEEGGLIFPGNTIYF,0.0167,no,/
IMNKFIYEI,CASSDAGTSQNTLYF,0.0167,no,/
GRLKALCQI,CASSLARQGSNEQYF,0.0167,no,/
GRLKALHQR,CASSLARQGSNEQYF,0.0167,no,/
IHDQVPFSV,CASSPRGGTADTQYF,0.0167,no,/
QMNKFIYEI,CASSDAGTSQNTLYF,0.0167,no,/
IVDQVPFSV,CASSPRGGTADTQYF,0.0167,no,/
RMNKFIYEI,CASSDAGTSQNTLYF,0.0167,no,/
FMTKFIYEI,CASSDAGTSQNTLYF,0.0166,no,/
MMNKFIYEI,CASSDAGTSQNTLYF,0.0166,no,/
IGDQVPFSV,CASSPRGGTADTQYF,0.0166,no,/
SLFEGILSV,CATAPGLSYEQYF,0.0166,no,/
SLFLKILSV,CATAPGLSYEQYF,0.0165,no,/
FMIKFIYEI,CASSDAGTSQNTLYF,0.0165,no,/
GRRKALCQR,CASSLARQGSNEQYF,0.0165,no,/
WMNKFIYEI,CASSDAGTSQNTLYF,0.0165,no,/
YMDHTMSQV,CAISPTEEGGLIFPGNTIYF,0.0164,no,/
GRLKALSQR,CASSLARQGSNEQYF,0.0164,no,/
FMEKFIYEI,CASSDAGTSQNTLYF,0.0164,no,/
YMDVTMSQV,CAISPTEEGGLIFPGNTIYF,0.0164,no,/
FMKKFIYEI,CASSDAGTSQNTLYF,0.0164,no,/
TMNKFIYEI,CASSDAGTSQNTLYF,0.0164,no,/
YMNKFIYEI,CASSDAGTSQNTLYF,0.0163,no,/
ISDQVPFSV,CASSPRGGTADTQYF,0.0163,no,/
YMDMTMSQV,CAISPTEEGGLIFPGNTIYF,0.0163,no,/
SMNKFIYEI,CASSDAGTSQNTLYF,0.0163,no,/
GRLKAICQR,CASSLARQGSNEQYF,0.0163,no,/
GRLKACCQR,CASSLARQGSNEQYF,0.0163,no,/
FMNKFIYFI,CASSDAGTSQNTLYF,0.0163,no,/
PMNKFIYEI,CASSDAGTSQNTLYF,0.0162,no,/
IDDQVPFSV,CASSPRGGTADTQYF,0.0162,no,/
DMNKFIYEI,CASSDAGTSQNTLYF,0.0162,no,/
FMDKFIYEI,CASSDAGTSQNTLYF,0.0162,no,/
YMDKTMSQV,CAISPTEEGGLIFPGNTIYF,0.0162,no,/
CMNKFIYEI,CASSDAGTSQNTLYF,0.0162,no,/
FMNKFIYEC,CASSDAGTSQNTLYF,0.0162,no,/
IRDQVPFSV,CASSPRGGTADTQYF,0.0161,no,/
GRLKAVCQR,CASSLARQGSNEQYF,0.0161,no,/
GRLKALCER,CASSLARQGSNEQYF,0.0161,no,/
KMNKFIYEI,CASSDAGTSQNTLYF,0.0161,no,/
FMNKFIYEA,CASSDAGTSQNTLYF,0.0161,no,/
AMNKFIYEI,CASSDAGTSQNTLYF,0.016,no,/
IWDQVPFSV,CASSPRGGTADTQYF,0.016,no,/
IADQVPFSV,CASSPRGGTADTQYF,0.016,no,/
IYDQVPFSV,CASSPRGGTADTQYF,0.016,no,/
FMNKFNYEI,CASSDAGTSQNTLYF,0.0159,no,/
EMNKFIYEI,CASSDAGTSQNTLYF,0.0159,no,/
YMDGTMMQV,CAISPTEEGGLIFPGNTIYF,0.0158,no,/
FMNKFIYEH,CASSDAGTSQNTLYF,0.0158,no,/
INDQVPFSV,CASSPRGGTADTQYF,0.0158,no,/
YMDSTMSQV,CAISPTEEGGLIFPGNTIYF,0.0158,no,/
GRLKALCGR,CASSLARQGSNEQYF,0.0158,no,/
ICDQVPFSV,CASSPRGGTADTQYF,0.0158,no,/
FMNKFRYEI,CASSDAGTSQNTLYF,0.0158,no,/
FMLKFIYEI,CASSDAGTSQNTLYF,0.0157,no,/
KMDGTMSQV,CAISPTEEGGLIFPGNTIYF,0.0157,no,/
IKDQVPFSV,CASSPRGGTADTQYF,0.0157,no,/
GRLKALCDR,CASSLARQGSNEQYF,0.0157,no,/
YMDGWMSQV,CAISPTEEGGLIFPGNTIYF,0.0157,no,/
GRLKALCQQ,CASSLARQGSNEQYF,0.0157,no,/
VPLVWRSSL,CASSLTSFYEQYF,0.0157,no,/
GRPKALCQR,CASSLARQGSNEQYF,0.0156,no,/
FMNWFIYEI,CASSDAGTSQNTLYF,0.0155,no,/
FMNKFIYEI,CASSDAGTSQNTLYF,0.0155,no,/
MMDGTMSQV,CAISPTEEGGLIFPGNTIYF,0.0154,no,/
FMNKQIYEI,CASSDAGTSQNTLYF,0.0154,no,/
FMNVFIYEI,CASSDAGTSQNTLYF,0.0154,no,/
LMDGTMSQV,CAISPTEEGGLIFPGNTIYF,0.0154,no,/
FMNTFIYEI,CASSDAGTSQNTLYF,0.0154,no,/
GRLKALCYR,CASSLARQGSNEQYF,0.0154,no,/
ITDQVPFSV,CASSPRGGTADTQYF,0.0154,no,/
GRLKALCVR,CASSLARQGSNEQYF,0.0154,no,/
FMNKFIYEG,CASSDAGTSQNTLYF,0.0153,no,/
FMNSFIYEI,CASSDAGTSQNTLYF,0.0153,no,/
GRTKALCQR,CASSLARQGSNEQYF,0.0153,no,/
GRLKALCQK,CASSLARQGSNEQYF,0.0153,no,/
SMDGTMSQV,CAISPTEEGGLIFPGNTIYF,0.0153,no,/
GFLKALCQR,CASSLARQGSNEQYF,0.0153,no,/
FMNKFQYEI,CASSDAGTSQNTLYF,0.0153,no,/
FMNKFICEI,CASSDAGTSQNTLYF,0.0153,no,/
GRLKALCQS,CASSLARQGSNEQYF,0.0153,no,/
EVDPIGHLG,CASSPNMADEQYF,0.0153,no,/
IEDQVPFSV,CASSPRGGTADTQYF,0.0152,no,/
GRLKALRQR,CASSLARQGSNEQYF,0.0152,no,/
FMNCFIYEI,CASSDAGTSQNTLYF,0.0152,no,/
EVDPIGTLY,CASSPNMADEQYF,0.0152,no,/
GRLKALCQF,CASSLARQGSNEQYF,0.0152,no,/
YMDWTMSQV,CAISPTEEGGLIFPGNTIYF,0.0151,no,/
YMDTTMSQV,CAISPTEEGGLIFPGNTIYF,0.0151,no,/
FMNKMIYEI,CASSDAGTSQNTLYF,0.0151,no,/
GRSKALCQR,CASSLARQGSNEQYF,0.0151,no,/
EVDPIGHSY,CASSPNMADEQYF,0.0151,no,/
GQLKALCQR,CASSLARQGSNEQYF,0.0151,no,/
GRLKAPCQR,CASSLARQGSNEQYF,0.015,no,/
YMDCTMSQV,CAISPTEEGGLIFPGNTIYF,0.015,no,/
IMDQVPFSQ,CASSPRGGTADTQYF,0.015,no,/
GRVKALCQR,CASSLARQGSNEQYF,0.015,no,/
YMDYTMSQV,CAISPTEEGGLIFPGNTIYF,0.015,no,/
VPSVWRSSF,CASSLTSFYEQYF,0.015,no,/
IFDQVPFSV,CASSPRGGTADTQYF,0.0149,no,/
YMDDTMSQV,CAISPTEEGGLIFPGNTIYF,0.0149,no,/
IMDQVRFSV,CASSPRGGTADTQYF,0.0149,no,/
FMNKFIREI,CASSDAGTSQNTLYF,0.0149,no,/
EVDPIGHTY,CASSPNMADEQYF,0.0149,no,/
GRDKALCQR,CASSLARQGSNEQYF,0.0149,no,/
FMNKFIYEW,CASSDAGTSQNTLYF,0.0149,no,/
FMNKYIYEI,CASSDAGTSQNTLYF,0.0149,no,/
FMNKFGYEI,CASSDAGTSQNTLYF,0.0148,no,/
FMNDFIYEI,CASSDAGTSQNTLYF,0.0147,no,/
FMNKFHYEI,CASSDAGTSQNTLYF,0.0147,no,/
EVDPRGHLY,CASSPNMADEQYF,0.0147,no,/
YMDATMSQV,CAISPTEEGGLIFPGNTIYF,0.0147,no,/
FMNKVIYEI,CASSDAGTSQNTLYF,0.0147,no,/
FMNKFIFEI,CASSDAGTSQNTLYF,0.0147,no,/
GVLKALCQR,CASSLARQGSNEQYF,0.0147,no,/
GRLKALYQR,CASSLARQGSNEQYF,0.0147,no,/
SRLKALCQR,CASSLARQGSNEQYF,0.0147,no,/
FMNKWIYEI,CASSDAGTSQNTLYF,0.0147,no,/
GRWKALCQR,CASSLARQGSNEQYF,0.0146,no,/
GRLKALCQV,CASSLARQGSNEQYF,0.0146,no,/
FMNQFIYEI,CASSDAGTSQNTLYF,0.0146,no,/
IMDQVPFSN,CASSPRGGTADTQYF,0.0146,no,/
GTLKALCQR,CASSLARQGSNEQYF,0.0146,no,/
FMNRFIYEI,CASSDAGTSQNTLYF,0.0146,no,/
VRLKALCQR,CASSLARQGSNEQYF,0.0145,no,/
YMDGTMSSV,CAISPTEEGGLIFPGNTIYF,0.0145,no,/
QRLKALCQR,CASSLARQGSNEQYF,0.0145,no,/
GRLKALCWR,CASSLARQGSNEQYF,0.0145,no,/
FMNYFIYEI,CASSDAGTSQNTLYF,0.0145,no,/
GRLKALCQR,CASSLARQGSNEQYF,0.0145,no,/
WRLKALCQR,CASSLARQGSNEQYF,0.0145,no,/
GWLKALCQR,CASSLARQGSNEQYF,0.0145,no,/
GKLKALCQR,CASSLARQGSNEQYF,0.0144,no,/
FMNKGIYEI,CASSDAGTSQNTLYF,0.0144,no,/
VPSVWRASL,CASSLTSFYEQYF,0.0144,no,/
HRLKALCQR,CASSLARQGSNEQYF,0.0144,no,/
GRLKALCQE,CASSLARQGSNEQYF,0.0144,no,/
YRLKALCQR,CASSLARQGSNEQYF,0.0144,no,/
EVDPIGHLL,CASSPNMADEQYF,0.0144,no,/
GILKALCQR,CASSLARQGSNEQYF,0.0144,no,/
GRIKALCQR,CASSLARQGSNEQYF,0.0144,no,/
GCLKALCQR,CASSLARQGSNEQYF,0.0143,no,/
GLLKALCQR,CASSLARQGSNEQYF,0.0143,no,/
IRLKALCQR,CASSLARQGSNEQYF,0.0143,no,/
FMNNFIYEI,CASSDAGTSQNTLYF,0.0143,no,/
GYLKALCQR,CASSLARQGSNEQYF,0.0143,no,/
FMNMFIYEI,CASSDAGTSQNTLYF,0.0143,no,/
NRLKALCQR,CASSLARQGSNEQYF,0.0143,no,/
ERLKALCQR,CASSLARQGSNEQYF,0.0143,no,/
GSLKALCQR,CASSLARQGSNEQYF,0.0142,no,/
CRLKALCQR,CASSLARQGSNEQYF,0.0142,no,/
GRGKALCQR,CASSLARQGSNEQYF,0.0142,no,/
FMNIFIYEI,CASSDAGTSQNTLYF,0.0142,no,/
GGLKALCQR,CASSLARQGSNEQYF,0.0142,no,/
GPLKALCQR,CASSLARQGSNEQYF,0.0142,no,/
FMNAFIYEI,CASSDAGTSQNTLYF,0.0142,no,/
DRLKALCQR,CASSLARQGSNEQYF,0.0142,no,/
FMNKSIYEI,CASSDAGTSQNTLYF,0.0142,no,/
GRQKALCQR,CASSLARQGSNEQYF,0.0141,no,/
IMDQVPFSH,CASSPRGGTADTQYF,0.0141,no,/
GRHKALCQR,CASSLARQGSNEQYF,0.0141,no,/
MRLKALCQR,CASSLARQGSNEQYF,0.0141,no,/
PRLKALCQR,CASSLARQGSNEQYF,0.0141,no,/
GRYKALCQR,CASSLARQGSNEQYF,0.0141,no,/
KRLKALCQR,CASSLARQGSNEQYF,0.0141,no,/
FMNKFIYED,CASSDAGTSQNTLYF,0.0141,no,/
YMDFTMSQV,CAISPTEEGGLIFPGNTIYF,0.0141,no,/
GRAKALCQR,CASSLARQGSNEQYF,0.014,no,/
RRLKALCQR,CASSLARQGSNEQYF,0.014,no,/
GDLKALCQR,CASSLARQGSNEQYF,0.014,no,/
FMNKFIYEV,CASSDAGTSQNTLYF,0.014,no,/
IMDQVIFSV,CASSPRGGTADTQYF,0.014,no,/
FMNKPIYEI,CASSDAGTSQNTLYF,0.014,no,/
YMDGYMSQV,CAISPTEEGGLIFPGNTIYF,0.014,no,/
GRLKALWQR,CASSLARQGSNEQYF,0.014,no,/
GRLKADCQR,CASSLARQGSNEQYF,0.014,no,/
YMDLTMSQV,CAISPTEEGGLIFPGNTIYF,0.0139,no,/
GELKALCQR,CASSLARQGSNEQYF,0.0139,no,/
GRLKALCQW,CASSLARQGSNEQYF,0.0139,no,/
GRKKALCQR,CASSLARQGSNEQYF,0.0139,no,/
IMDQVPFSM,CASSPRGGTADTQYF,0.0139,no,/
GRCKALCQR,CASSLARQGSNEQYF,0.0138,no,/
GRLKAECQR,CASSLARQGSNEQYF,0.0138,no,/
FRLKALCQR,CASSLARQGSNEQYF,0.0138,no,/
GRLKALPQR,CASSLARQGSNEQYF,0.0138,no,/
IMDHVPFSV,CASSPRGGTADTQYF,0.0137,no,/
GRMKALCQR,CASSLARQGSNEQYF,0.0137,no,/
YMDRTMSQV,CAISPTEEGGLIFPGNTIYF,0.0137,no,/
IMDQVQFSV,CASSPRGGTADTQYF,0.0137,no,/
FMNKFINEI,CASSDAGTSQNTLYF,0.0137,no,/
FMNFFIYEI,CASSDAGTSQNTLYF,0.0136,no,/
FMNKLIYEI,CASSDAGTSQNTLYF,0.0136,no,/
IMDIVPFSV,CASSPRGGTADTQYF,0.0136,no,/
TMDGTMSQV,CAISPTEEGGLIFPGNTIYF,0.0136,no,/
GRLKLLCQR,CASSLARQGSNEQYF,0.0136,no,/
IMDGVPFSV,CASSPRGGTADTQYF,0.0135,no,/
IMDQVHFSV,CASSPRGGTADTQYF,0.0135,no,/
FMNKTIYEI,CASSDAGTSQNTLYF,0.0135,no,/
EVDPIGRLY,CASSPNMADEQYF,0.0134,no,/
IMDQVPFSP,CASSPRGGTADTQYF,0.0134,no,/
IMDPVPFSV,CASSPRGGTADTQYF,0.0134,no,/
GRLKALCHR,CASSLARQGSNEQYF,0.0134,no,/
GRLKALEQR,CASSLARQGSNEQYF,0.0133,no,/
EVDPIGKLY,CASSPNMADEQYF,0.0133,no,/
IMDDVPFSV,CASSPRGGTADTQYF,0.0132,no,/
IMQQVPFSV,CASSPRGGTADTQYF,0.0132,no,/
EVDPIGHLT,CASSPNMADEQYF,0.0132,no,/
VPSVWMSSL,CASSLTSFYEQYF,0.0131,no,/
YMDGTMSVV,CAISPTEEGGLIFPGNTIYF,0.0131,no,/
FMNKFIYEE,CASSDAGTSQNTLYF,0.013,no,/
GRLKALCNR,CASSLARQGSNEQYF,0.013,no,/
IMDQVPFSR,CASSPRGGTADTQYF,0.013,no,/
GRLKKLCQR,CASSLARQGSNEQYF,0.013,no,/
YMDGFMSQV,CAISPTEEGGLIFPGNTIYF,0.013,no,/
FMNLFIYEI,CASSDAGTSQNTLYF,0.013,no,/
IMDSVPFSV,CASSPRGGTADTQYF,0.013,no,/
GNLKALCQR,CASSLARQGSNEQYF,0.013,no,/
FMNKCIYEI,CASSDAGTSQNTLYF,0.0129,no,/
FMNKFIYSI,CASSDAGTSQNTLYF,0.0129,no,/
EVDPILHLY,CASSPNMADEQYF,0.0129,no,/
FMNKFWYEI,CASSDAGTSQNTLYF,0.0129,no,/
YMDGTWSQV,CAISPTEEGGLIFPGNTIYF,0.0129,no,/
FMNKFIYEK,CASSDAGTSQNTLYF,0.0129,no,/
VPSVWRSWL,CASSLTSFYEQYF,0.0129,no,/
YMDGTMAQV,CAISPTEEGGLIFPGNTIYF,0.0128,no,/
GMLKALCQR,CASSLARQGSNEQYF,0.0128,no,/
FMNKFYYEI,CASSDAGTSQNTLYF,0.0127,no,/
EVDPIGHLP,CASSPNMADEQYF,0.0127,no,/
GRNKALCQR,CASSLARQGSNEQYF,0.0127,no,/
IMDQVKFSV,CASSPRGGTADTQYF,0.0126,no,/
FMNKAIYEI,CASSDAGTSQNTLYF,0.0126,no,/
IMDKVPFSV,CASSPRGGTADTQYF,0.0125,no,/
IMDQVPFSA,CASSPRGGTADTQYF,0.0125,no,/
FMNKFEYEI,CASSDAGTSQNTLYF,0.0125,no,/
GRLKALCFR,CASSLARQGSNEQYF,0.0125,no,/
EVDPMGHLY,CASSPNMADEQYF,0.0125,no,/
YMDGTTSQV,CAISPTEEGGLIFPGNTIYF,0.0125,no,/
IMDNVPFSV,CASSPRGGTADTQYF,0.0125,no,/
IMDYVPFSV,CASSPRGGTADTQYF,0.0124,no,/
IMDQVEFSV,CASSPRGGTADTQYF,0.0124,no,/
IMDQVPFRV,CASSPRGGTADTQYF,0.0124,no,/
VPSVWRSRL,CASSLTSFYEQYF,0.0124,no,/
FMFKFIYEI,CASSDAGTSQNTLYF,0.0124,no,/
IMDQVPFTV,CASSPRGGTADTQYF,0.0124,no,/
ILDQVPFSV,CASSPRGGTADTQYF,0.0123,no,/
YMDGTMGQV,CAISPTEEGGLIFPGNTIYF,0.0123,no,/
GREKALCQR,CASSLARQGSNEQYF,0.0123,no,/
YMDGTMSYV,CAISPTEEGGLIFPGNTIYF,0.0123,no,/
IMDCVPFSV,CASSPRGGTADTQYF,0.0123,no,/
FMNKFPYEI,CASSDAGTSQNTLYF,0.0123,no,/
FMNKFIYEF,CASSDAGTSQNTLYF,0.0123,no,/
FMNKFVYEI,CASSDAGTSQNTLYF,0.0123,no,/
IMDRVPFSV,CASSPRGGTADTQYF,0.0122,no,/
EVDPQGHLY,CASSPNMADEQYF,0.0122,no,/
IMDQVPFSC,CASSPRGGTADTQYF,0.0122,no,/
IMDMVPFSV,CASSPRGGTADTQYF,0.0122,no,/
IMDWVPFSV,CASSPRGGTADTQYF,0.0122,no,/
FMNKFKYEI,CASSDAGTSQNTLYF,0.0121,no,/
EVDPIGSLY,CASSPNMADEQYF,0.0121,no,/
FMNKIIYEI,CASSDAGTSQNTLYF,0.0121,no,/
YMDGTMSAV,CAISPTEEGGLIFPGNTIYF,0.012,no,/
IMDQVNFSV,CASSPRGGTADTQYF,0.012,no,/
YMDGTMSDV,CAISPTEEGGLIFPGNTIYF,0.012,no,/
EVDPIGHLQ,CASSPNMADEQYF,0.012,no,/
IMDQVPFSY,CASSPRGGTADTQYF,0.012,no,/
YMDGTSSQV,CAISPTEEGGLIFPGNTIYF,0.012,no,/
GRLKALFQR,CASSLARQGSNEQYF,0.012,no,/
FMNKDIYEI,CASSDAGTSQNTLYF,0.0119,no,/
YMDGTMSTV,CAISPTEEGGLIFPGNTIYF,0.0119,no,/
EVDPIGGLY,CASSPNMADEQYF,0.0119,no,/
YMDGTASQV,CAISPTEEGGLIFPGNTIYF,0.0119,no,/
YMDGTYSQV,CAISPTEEGGLIFPGNTIYF,0.0119,no,/
EVDPIGALY,CASSPNMADEQYF,0.0119,no,/
YMDGTCSQV,CAISPTEEGGLIFPGNTIYF,0.0118,no,/
IMDQVPFSD,CASSPRGGTADTQYF,0.0118,no,/
YMDGTMFQV,CAISPTEEGGLIFPGNTIYF,0.0118,no,/
IMVQVPFSV,CASSPRGGTADTQYF,0.0118,no,/
IMKQVPFSV,CASSPRGGTADTQYF,0.0117,no,/
YMDQTMSQV,CAISPTEEGGLIFPGNTIYF,0.0117,no,/
IMDQVPFSW,CASSPRGGTADTQYF,0.0117,no,/
GRFKALCQR,CASSLARQGSNEQYF,0.0117,no,/
EVDPIGMLY,CASSPNMADEQYF,0.0117,no,/
IMDQVYFSV,CASSPRGGTADTQYF,0.0117,no,/
FMNKKIYEI,CASSDAGTSQNTLYF,0.0117,no,/
IMDAVPFSV,CASSPRGGTADTQYF,0.0117,no,/
FMNKFAYEI,CASSDAGTSQNTLYF,0.0116,no,/
YMDGTMSEV,CAISPTEEGGLIFPGNTIYF,0.0116,no,/
FMNKFSYEI,CASSDAGTSQNTLYF,0.0116,no,/
EVDPIGHLS,CASSPNMADEQYF,0.0115,no,/
YMDGTMTQV,CAISPTEEGGLIFPGNTIYF,0.0115,no,/
EVRPIGHLY,CASSPNMADEQYF,0.0114,no,/
IMTQVPFSV,CASSPRGGTADTQYF,0.0114,no,/
IMIQVPFSV,CASSPRGGTADTQYF,0.0114,no,/
YMDGTMSRV,CAISPTEEGGLIFPGNTIYF,0.0114,no,/
IMDQVPFSS,CASSPRGGTADTQYF,0.0114,no,/
EVDPIRHLY,CASSPNMADEQYF,0.0114,no,/
YMDGTMSCV,CAISPTEEGGLIFPGNTIYF,0.0113,no,/
YMDGTMSLV,CAISPTEEGGLIFPGNTIYF,0.0113,no,/
IMYQVPFSV,CASSPRGGTADTQYF,0.0113,no,/
IMDQVGFSV,CASSPRGGTADTQYF,0.0113,no,/
YMDGTGSQV,CAISPTEEGGLIFPGNTIYF,0.0113,no,/
IMDLVPFSV,CASSPRGGTADTQYF,0.0113,no,/
IMDQVPKSV,CASSPRGGTADTQYF,0.0113,no,/
IMDQVWFSV,CASSPRGGTADTQYF,0.0113,no,/
EVDPIGHLC,CASSPNMADEQYF,0.0113,no,/
YMDGPMSQV,CAISPTEEGGLIFPGNTIYF,0.0113,no,/
IMDQVPFST,CASSPRGGTADTQYF,0.0113,no,/
IMDQVAFSV,CASSPRGGTADTQYF,0.0112,no,/
IMMQVPFSV,CASSPRGGTADTQYF,0.0112,no,/
IMDQVPTSV,CASSPRGGTADTQYF,0.0112,no,/
EVDPWGHLY,CASSPNMADEQYF,0.0112,no,/
IMDQVPFSG,CASSPRGGTADTQYF,0.0112,no,/
EVDPIQHLY,CASSPNMADEQYF,0.0111,no,/
YMDGTESQV,CAISPTEEGGLIFPGNTIYF,0.0111,no,/
IMFQVPFSV,CASSPRGGTADTQYF,0.0111,no,/
IMDQVSFSV,CASSPRGGTADTQYF,0.0111,no,/
FMNKFTYEI,CASSDAGTSQNTLYF,0.0111,no,/
EVDPIGHLI,CASSPNMADEQYF,0.011,no,/
EVDPVGHLY,CASSPNMADEQYF,0.011,no,/
IMPQVPFSV,CASSPRGGTADTQYF,0.011,no,/
EVDPIGHRY,CASSPNMADEQYF,0.011,no,/
IMGQVPFSV,CASSPRGGTADTQYF,0.011,no,/
IMRQVPFSV,CASSPRGGTADTQYF,0.011,no,/
IMSQVPFSV,CASSPRGGTADTQYF,0.011,no,/
IMDVVPFSV,CASSPRGGTADTQYF,0.011,no,/
IMDQVTFSV,CASSPRGGTADTQYF,0.011,no,/
IMAQVPFSV,CASSPRGGTADTQYF,0.0109,no,/
EVDPINHLY,CASSPNMADEQYF,0.0109,no,/
EVDPIGHLK,CASSPNMADEQYF,0.0109,no,/
IMHQVPFSV,CASSPRGGTADTQYF,0.0109,no,/
EVDPIGYLY,CASSPNMADEQYF,0.0108,no,/
IMDTVPFSV,CASSPRGGTADTQYF,0.0108,no,/
YMDGTMSWV,CAISPTEEGGLIFPGNTIYF,0.0108,no,/
IMWQVPFSV,CASSPRGGTADTQYF,0.0108,no,/
EVDPIGHLD,CASSPNMADEQYF,0.0108,no,/
LMNKFIYEI,CASSDAGTSQNTLYF,0.0108,no,/
YMDGTDSQV,CAISPTEEGGLIFPGNTIYF,0.0108,no,/
YMDGTVSQV,CAISPTEEGGLIFPGNTIYF,0.0108,no,/
IMDQVMFSV,CASSPRGGTADTQYF,0.0107,no,/
VPSVWRSEL,CASSLTSFYEQYF,0.0107,no,/
YMDGTMSFV,CAISPTEEGGLIFPGNTIYF,0.0107,no,/
FMNKFIAEI,CASSDAGTSQNTLYF,0.0107,no,/
FMNGFIYEI,CASSDAGTSQNTLYF,0.0106,no,/
EVDPIGHLR,CASSPNMADEQYF,0.0106,no,/
GRLKVLCQR,CASSLARQGSNEQYF,0.0106,no,/
IMCQVPFSV,CASSPRGGTADTQYF,0.0106,no,/
GRLKALCCR,CASSLARQGSNEQYF,0.0106,no,/
IMDFVPFSV,CASSPRGGTADTQYF,0.0106,no,/
IMLQVPFSV,CASSPRGGTADTQYF,0.0106,no,/
IMDQVPISV,CASSPRGGTADTQYF,0.0106,no,/
RMDQVPFSV,CASSPRGGTADTQYF,0.0106,no,/
EVDPSGHLY,CASSPNMADEQYF,0.0106,no,/
EVDPIGVLY,CASSPNMADEQYF,0.0106,no,/
IMDQVPFVV,CASSPRGGTADTQYF,0.0106,no,/
IMDQNPFSV,CASSPRGGTADTQYF,0.0105,no,/
GRLKALDQR,CASSLARQGSNEQYF,0.0105,no,/
PMDQVPFSV,CASSPRGGTADTQYF,0.0105,no,/
EVDPIGNLY,CASSPNMADEQYF,0.0105,no,/
TMDQVPFSV,CASSPRGGTADTQYF,0.0105,no,/
QMDQVPFSV,CASSPRGGTADTQYF,0.0105,no,/
EVDPIFHLY,CASSPNMADEQYF,0.0105,no,/
CMDQVPFSV,CASSPRGGTADTQYF,0.0105,no,/
IMDQQPFSV,CASSPRGGTADTQYF,0.0105,no,/
IMNQVPFSV,CASSPRGGTADTQYF,0.0105,no,/
YMDGTMQQV,CAISPTEEGGLIFPGNTIYF,0.0104,no,/
VMDQVPFSV,CASSPRGGTADTQYF,0.0104,no,/
EVDPIGCLY,CASSPNMADEQYF,0.0104,no,/
EVTPIGHLY,CASSPNMADEQYF,0.0104,no,/
EVDPIGQLY,CASSPNMADEQYF,0.0104,no,/
IMDQVLFSV,CASSPRGGTADTQYF,0.0104,no,/
IMDEVPFSV,CASSPRGGTADTQYF,0.0104,no,/
FYNKFIYEI,CASSDAGTSQNTLYF,0.0103,no,/
YMDQVPFSV,CASSPRGGTADTQYF,0.0103,no,/
HMDQVPFSV,CASSPRGGTADTQYF,0.0103,no,/
FMDQVPFSV,CASSPRGGTADTQYF,0.0103,no,/
EVDPAGHLY,CASSPNMADEQYF,0.0103,no,/
YMDGTMSMV,CAISPTEEGGLIFPGNTIYF,0.0103,no,/
MMDQVPFSV,CASSPRGGTADTQYF,0.0103,no,/
NMDQVPFSV,CASSPRGGTADTQYF,0.0103,no,/
DMDQVPFSV,CASSPRGGTADTQYF,0.0103,no,/
IMEQVPFSV,CASSPRGGTADTQYF,0.0103,no,/
EVDPKGHLY,CASSPNMADEQYF,0.0103,no,/
YMPGTMSQV,CAISPTEEGGLIFPGNTIYF,0.0103,no,/
AMDQVPFSV,CASSPRGGTADTQYF,0.0103,no,/
IMDQVPFSI,CASSPRGGTADTQYF,0.0103,no,/
IMDQVPFSV,CASSPRGGTADTQYF,0.0102,no,/
GMDQVPFSV,CASSPRGGTADTQYF,0.0102,no,/
SMDQVPFSV,CASSPRGGTADTQYF,0.0102,no,/
WMDQVPFSV,CASSPRGGTADTQYF,0.0102,no,/
YMDGLMSQV,CAISPTEEGGLIFPGNTIYF,0.0102,no,/
YMDGTMKQV,CAISPTEEGGLIFPGNTIYF,0.0102,no,/
EVDPTGHLY,CASSPNMADEQYF,0.0102,no,/
FMNKFIIEI,CASSDAGTSQNTLYF,0.0102,no,/
EMDQVPFSV,CASSPRGGTADTQYF,0.0102,no,/
EVDPIGHHY,CASSPNMADEQYF,0.0102,no,/
FMNKFCYEI,CASSDAGTSQNTLYF,0.0102,no,/
EVDPIGFLY,CASSPNMADEQYF,0.0102,no,/
LMDQVPFSV,CASSPRGGTADTQYF,0.0102,no,/
KMDQVPFSV,CASSPRGGTADTQYF,0.0102,no,/
EQDPIGHLY,CASSPNMADEQYF,0.0101,no,/
FMNHFIYEI,CASSDAGTSQNTLYF,0.0101,no,/
IMDGTMSQV,CAISPTEEGGLIFPGNTIYF,0.0101,no,/
EVDPYGHLY,CASSPNMADEQYF,0.0101,no,/
YMDGTHSQV,CAISPTEEGGLIFPGNTIYF,0.0101,no,/
YMDGTKSQV,CAISPTEEGGLIFPGNTIYF,0.0101,no,/
EPDPIGHLY,CASSPNMADEQYF,0.01,no,/
EVDPIKHLY,CASSPNMADEQYF,0.01,no,/
EVDPIGWLY,CASSPNMADEQYF,0.01,no,/
IMDQVPSSV,CASSPRGGTADTQYF,0.01,no,/
GRLMALCQR,CASSLARQGSNEQYF,0.01,no,/
GRLLALCQR,CASSLARQGSNEQYF,0.01,no,/
IMDQRPFSV,CASSPRGGTADTQYF,0.01,no,/
EVQPIGHLY,CASSPNMADEQYF,0.01,no,/
YMDGTISQV,CAISPTEEGGLIFPGNTIYF,0.01,no,/
EVDPIGHQY,CASSPNMADEQYF,0.0099,no,/
IMDQVPRSV,CASSPRGGTADTQYF,0.0099,no,/
IMDQVPFYV,CASSPRGGTADTQYF,0.0099,no,/
EVWPIGHLY,CASSPNMADEQYF,0.0099,no,/
IMDQVVFSV,CASSPRGGTADTQYF,0.0099,no,/
IVDPIGHLY,CASSPNMADEQYF,0.0099,no,/
EVDPITHLY,CASSPNMADEQYF,0.0099,no,/
GRLKMLCQR,CASSLARQGSNEQYF,0.0099,no,/
YMDGTMSHV,CAISPTEEGGLIFPGNTIYF,0.0099,no,/
EVSPIGHLY,CASSPNMADEQYF,0.0099,no,/
EVDPIGHIY,CASSPNMADEQYF,0.0098,no,/
EVDPIVHLY,CASSPNMADEQYF,0.0098,no,/
TRLKALCQR,CASSLARQGSNEQYF,0.0098,no,/
EVDPIGILY,CASSPNMADEQYF,0.0098,no,/
IMDQKPFSV,CASSPRGGTADTQYF,0.0098,no,/
VPSVWRSDL,CASSLTSFYEQYF,0.0098,no,/
GRLKNLCQR,CASSLARQGSNEQYF,0.0098,no,/
YMSGTMSQV,CAISPTEEGGLIFPGNTIYF,0.0098,no,/
ERDPIGHLY,CASSPNMADEQYF,0.0098,no,/
FMNEFIYEI,CASSDAGTSQNTLYF,0.0098,no,/
EVDPIGHVY,CASSPNMADEQYF,0.0097,no,/
EVDPIPHLY,CASSPNMADEQYF,0.0097,no,/
FMNKHIYEI,CASSDAGTSQNTLYF,0.0097,no,/
EVDPIGHAY,CASSPNMADEQYF,0.0097,no,/
IMDQVFFSV,CASSPRGGTADTQYF,0.0097,no,/
GVDPIGHLY,CASSPNMADEQYF,0.0097,no,/
EVDPISHLY,CASSPNMADEQYF,0.0097,no,/
TVDPIGHLY,CASSPNMADEQYF,0.0097,no,/
EVDPIGHLA,CASSPNMADEQYF,0.0096,no,/
EVDPIGHLM,CASSPNMADEQYF,0.0096,no,/
IMDQVCFSV,CASSPRGGTADTQYF,0.0096,no,/
EVDPIGHYY,CASSPNMADEQYF,0.0096,no,/
NVDPIGHLY,CASSPNMADEQYF,0.0096,no,/
ESDPIGHLY,CASSPNMADEQYF,0.0096,no,/
FMNKFFYEI,CASSDAGTSQNTLYF,0.0096,no,/
YMDGTPSQV,CAISPTEEGGLIFPGNTIYF,0.0096,no,/
IMDQIPFSV,CASSPRGGTADTQYF,0.0096,no,/
YMDGVMSQV,CAISPTEEGGLIFPGNTIYF,0.0096,no,/
IMDQVPFDV,CASSPRGGTADTQYF,0.0096,no,/
EHDPIGHLY,CASSPNMADEQYF,0.0096,no,/
DVDPIGHLY,CASSPNMADEQYF,0.0096,no,/
EVDPNGHLY,CASSPNMADEQYF,0.0096,no,/
EVIPIGHLY,CASSPNMADEQYF,0.0095,no,/
EVDPIGHLY,CASSPNMADEQYF,0.0095,no,/
IMDQVPFQV,CASSPRGGTADTQYF,0.0095,no,/
EVGPIGHLY,CASSPNMADEQYF,0.0095,no,/
QVDPIGHLY,CASSPNMADEQYF,0.0095,no,/
SVDPIGHLY,CASSPNMADEQYF,0.0095,no,/
YVDPIGHLY,CASSPNMADEQYF,0.0095,no,/
IMDQVPFIV,CASSPRGGTADTQYF,0.0095,no,/
GRLKARCQR,CASSLARQGSNEQYF,0.0095,no,/
EWDPIGHLY,CASSPNMADEQYF,0.0094,no,/
EVYPIGHLY,CASSPNMADEQYF,0.0094,no,/
EVDPIYHLY,CASSPNMADEQYF,0.0094,no,/
RVDPIGHLY,CASSPNMADEQYF,0.0094,no,/
WVDPIGHLY,CASSPNMADEQYF,0.0094,no,/
IMDQVPFHV,CASSPRGGTADTQYF,0.0094,no,/
GRLVALCQR,CASSLARQGSNEQYF,0.0094,no,/
VVVGAVRVGK,CASSLSFRQGLREQYF,0.0094,no,/
EVDPLGHLY,CASSPNMADEQYF,0.0094,no,/
EVDPCGHLY,CASSPNMADEQYF,0.0094,no,/
AVDPIGHLY,CASSPNMADEQYF,0.0094,no,/
EVDPIEHLY,CASSPNMADEQYF,0.0094,no,/
ETDPIGHLY,CASSPNMADEQYF,0.0094,no,/
EYDPIGHLY,CASSPNMADEQYF,0.0093,no,/
EVAPIGHLY,CASSPNMADEQYF,0.0093,no,/
EVVPIGHLY,CASSPNMADEQYF,0.0093,no,/
EGDPIGHLY,CASSPNMADEQYF,0.0093,no,/
IMDQVPFWV,CASSPRGGTADTQYF,0.0093,no,/
GRLSALCQR,CASSLARQGSNEQYF,0.0093,no,/
IMDQVPFSF,CASSPRGGTADTQYF,0.0093,no,/
PVDPIGHLY,CASSPNMADEQYF,0.0093,no,/
VVDPIGHLY,CASSPNMADEQYF,0.0093,no,/
GRLTALCQR,CASSLARQGSNEQYF,0.0093,no,/
YMDGTMSQV,CAISPTEEGGLIFPGNTIYF,0.0093,no,/
KVDPIGHLY,CASSPNMADEQYF,0.0093,no,/
ELDPIGHLY,CASSPNMADEQYF,0.0092,no,/
CVDPIGHLY,CASSPNMADEQYF,0.0092,no,/
LVDPIGHLY,CASSPNMADEQYF,0.0092,no,/
YMQGTMSQV,CAISPTEEGGLIFPGNTIYF,0.0092,no,/
EADPIGHLY,CASSPNMADEQYF,0.0092,no,/
EVDPIGHDY,CASSPNMADEQYF,0.0092,no,/
HVDPIGHLY,CASSPNMADEQYF,0.0092,no,/
EVDPIGELY,CASSPNMADEQYF,0.0092,no,/
FVDPIGHLY,CASSPNMADEQYF,0.0092,no,/
EVDPIGHWY,CASSPNMADEQYF,0.0092,no,/
YMCGTMSQV,CAISPTEEGGLIFPGNTIYF,0.0092,no,/
EVEPIGHLY,CASSPNMADEQYF,0.0092,no,/
ECDPIGHLY,CASSPNMADEQYF,0.0091,no,/
IMDQVPFAV,CASSPRGGTADTQYF,0.0091,no,/
GHLKALCQR,CASSLARQGSNEQYF,0.0091,no,/
GRLKQLCQR,CASSLARQGSNEQYF,0.0091,no,/
IMDQVPPSV,CASSPRGGTADTQYF,0.0091,no,/
IMDQVPHSV,CASSPRGGTADTQYF,0.0091,no,/
VPSVWRSKL,CASSLTSFYEQYF,0.0091,no,/
FMNKFLYEI,CASSDAGTSQNTLYF,0.0091,no,/
EVLPIGHLY,CASSPNMADEQYF,0.0091,no,/
YMMGTMSQV,CAISPTEEGGLIFPGNTIYF,0.0091,no,/
EVDPIGHKY,CASSPNMADEQYF,0.0091,no,/
IMDQVPFSL,CASSPRGGTADTQYF,0.0091,no,/
YMGGTMSQV,CAISPTEEGGLIFPGNTIYF,0.0091,no,/
IMDQVDFSV,CASSPRGGTADTQYF,0.0091,no,/
YMAGTMSQV,CAISPTEEGGLIFPGNTIYF,0.009,no,/
EFDPIGHLY,CASSPNMADEQYF,0.009,no,/
EMDPIGHLY,CASSPNMADEQYF,0.009,no,/
GRLKILCQR,CASSLARQGSNEQYF,0.009,no,/
EKDPIGHLY,CASSPNMADEQYF,0.009,no,/
EVNPIGHLY,CASSPNMADEQYF,0.009,no,/
VVVGAVGVNK,CASSLSFRQGLREQYF,0.009,no,/
IMDQVPGSV,CASSPRGGTADTQYF,0.0089,no,/
EIDPIGHLY,CASSPNMADEQYF,0.0089,no,/
GRLKWLCQR,CASSLARQGSNEQYF,0.0089,no,/
YMVGTMSQV,CAISPTEEGGLIFPGNTIYF,0.0089,no,/
IMDQVPFSE,CASSPRGGTADTQYF,0.0089,no,/
EVDPIWHLY,CASSPNMADEQYF,0.0089,no,/
EVDPIAHLY,CASSPNMADEQYF,0.0089,no,/
EVDPIGHLV,CASSPNMADEQYF,0.0089,no,/
YMYGTMSQV,CAISPTEEGGLIFPGNTIYF,0.0089,no,/
FMNKFDYEI,CASSDAGTSQNTLYF,0.0089,no,/
YMDGQMSQV,CAISPTEEGGLIFPGNTIYF,0.0089,no,/
VVVGAVGVQK,CASSLSFRQGLREQYF,0.0089,no,/
EVDPIGHLH,CASSPNMADEQYF,0.0089,no,/
EVDPIIHLY,CASSPNMADEQYF,0.0089,no,/
IMDQSPFSV,CASSPRGGTADTQYF,0.0089,no,/
EVDLIGHLY,CASSPNMADEQYF,0.0088,no,/
EVDPGGHLY,CASSPNMADEQYF,0.0088,no,/
EVDPIGHLE,CASSPNMADEQYF,0.0088,no,/
EVDPIGHCY,CASSPNMADEQYF,0.0088,no,/
YMTGTMSQV,CAISPTEEGGLIFPGNTIYF,0.0088,no,/
ENDPIGHLY,CASSPNMADEQYF,0.0088,no,/
GALKALCQR,CASSLARQGSNEQYF,0.0088,no,/
EVDPIGHEY,CASSPNMADEQYF,0.0088,no,/
GRLIALCQR,CASSLARQGSNEQYF,0.0088,no,/
EVDPIGHPY,CASSPNMADEQYF,0.0088,no,/
EVHPIGHLY,CASSPNMADEQYF,0.0087,no,/
YMDGCMSQV,CAISPTEEGGLIFPGNTIYF,0.0087,no,/
EVDNIGHLY,CASSPNMADEQYF,0.0087,no,/
GRLQALCQR,CASSLARQGSNEQYF,0.0087,no,/
GRLKANCQR,CASSLARQGSNEQYF,0.0087,no,/
YMIGTMSQV,CAISPTEEGGLIFPGNTIYF,0.0087,no,/
GRLCALCQR,CASSLARQGSNEQYF,0.0087,no,/
GRLKFLCQR,CASSLARQGSNEQYF,0.0087,no,/
EVDPIGPLY,CASSPNMADEQYF,0.0087,no,/
VVVGAVGVHK,CASSLSFRQGLREQYF,0.0087,no,/
IMDQWPFSV,CASSPRGGTADTQYF,0.0087,no,/
IMDQYPFSV,CASSPRGGTADTQYF,0.0087,no,/
EDDPIGHLY,CASSPNMADEQYF,0.0086,no,/
GRLEALCQR,CASSLARQGSNEQYF,0.0086,no,/
EVCPIGHLY,CASSPNMADEQYF,0.0086,no,/
YMEGTMSQV,CAISPTEEGGLIFPGNTIYF,0.0086,no,/
EVDPIGHGY,CASSPNMADEQYF,0.0086,no,/
GRLHALCQR,CASSLARQGSNEQYF,0.0086,no,/
EVDPIMHLY,CASSPNMADEQYF,0.0086,no,/
IMDQHPFSV,CASSPRGGTADTQYF,0.0086,no,/
IMDQVPFNV,CASSPRGGTADTQYF,0.0086,no,/
IMDQVPFMV,CASSPRGGTADTQYF,0.0086,no,/
EVDPDGHLY,CASSPNMADEQYF,0.0086,no,/
YMKGTMSQV,CAISPTEEGGLIFPGNTIYF,0.0086,no,/
EVDPIGHLF,CASSPNMADEQYF,0.0086,no,/
IMDQVPLSV,CASSPRGGTADTQYF,0.0086,no,/
YMDGDMSQV,CAISPTEEGGLIFPGNTIYF,0.0086,no,/
GRLNALCQR,CASSLARQGSNEQYF,0.0086,no,/
IMDQMPFSV,CASSPRGGTADTQYF,0.0086,no,/
EVDPIGHLW,CASSPNMADEQYF,0.0085,no,/
GRLYALCQR,CASSLARQGSNEQYF,0.0085,no,/
YMHGTMSQV,CAISPTEEGGLIFPGNTIYF,0.0085,no,/
EVPPIGHLY,CASSPNMADEQYF,0.0085,no,/
EVDQIGHLY,CASSPNMADEQYF,0.0085,no,/
GRLKYLCQR,CASSLARQGSNEQYF,0.0085,no,/
IMDQVPASV,CASSPRGGTADTQYF,0.0085,no,/
GRLKHLCQR,CASSLARQGSNEQYF,0.0085,no,/
YMDGAMSQV,CAISPTEEGGLIFPGNTIYF,0.0085,no,/
EVDPFGHLY,CASSPNMADEQYF,0.0085,no,/
IMDQTPFSV,CASSPRGGTADTQYF,0.0085,no,/
YMDGTMSIV,CAISPTEEGGLIFPGNTIYF,0.0085,no,/
IMDQVPFCV,CASSPRGGTADTQYF,0.0085,no,/
IMDQPPFSV,CASSPRGGTADTQYF,0.0084,no,/
IMDQVPQSV,CASSPRGGTADTQYF,0.0084,no,/
YMWGTMSQV,CAISPTEEGGLIFPGNTIYF,0.0084,no,/
YMDGTMCQV,CAISPTEEGGLIFPGNTIYF,0.0084,no,/
IMDQFPFSV,CASSPRGGTADTQYF,0.0084,no,/
EVMPIGHLY,CASSPNMADEQYF,0.0084,no,/
IMDQVPYSV,CASSPRGGTADTQYF,0.0084,no,/
ARLKALCQR,CASSLARQGSNEQYF,0.0084,no,/
YMDGTMYQV,CAISPTEEGGLIFPGNTIYF,0.0084,no,/
IMDQVPCSV,CASSPRGGTADTQYF,0.0084,no,/
IMDQAPFSV,CASSPRGGTADTQYF,0.0083,no,/
YMDGTMRQV,CAISPTEEGGLIFPGNTIYF,0.0083,no,/
YMDGEMSQV,CAISPTEEGGLIFPGNTIYF,0.0083,no,/
GRLKPLCQR,CASSLARQGSNEQYF,0.0083,no,/
EVDPIHHLY,CASSPNMADEQYF,0.0083,no,/
GRLKAMCQR,CASSLARQGSNEQYF,0.0083,no,/
IMDQVPWSV,CASSPRGGTADTQYF,0.0083,no,/
EVDMIGHLY,CASSPNMADEQYF,0.0083,no,/
VPSVWRSNL,CASSLTSFYEQYF,0.0083,no,/
EVKPIGHLY,CASSPNMADEQYF,0.0082,no,/
GRLKSLCQR,CASSLARQGSNEQYF,0.0082,no,/
IMDQLPFSV,CASSPRGGTADTQYF,0.0082,no,/
IMDQVPESV,CASSPRGGTADTQYF,0.0081,no,/
VVVGIVGVGK,CASSLSFRQGLREQYF,0.0081,no,/
GRLRALCQR,CASSLARQGSNEQYF,0.0081,no,/
EVFPIGHLY,CASSPNMADEQYF,0.0081,no,/
EVDPEGHLY,CASSPNMADEQYF,0.0081,no,/
EVDPIGDLY,CASSPNMADEQYF,0.0081,no,/
YMDGTMSNV,CAISPTEEGGLIFPGNTIYF,0.0081,no,/
EVDPICHLY,CASSPNMADEQYF,0.008,no,/
EVDSIGHLY,CASSPNMADEQYF,0.0079,no,/
VVVGAVGVPK,CASSLSFRQGLREQYF,0.0079,no,/
VVVGAVGGGK,CASSLSFRQGLREQYF,0.0079,no,/
EVDDIGHLY,CASSPNMADEQYF,0.0079,no,/
YMDGMMSQV,CAISPTEEGGLIFPGNTIYF,0.0079,no,/
YMDGRMSQV,CAISPTEEGGLIFPGNTIYF,0.0079,no,/
VVVDAVGVGK,CASSLSFRQGLREQYF,0.0079,no,/
EVDVIGHLY,CASSPNMADEQYF,0.0079,no,/
EVDTIGHLY,CASSPNMADEQYF,0.0079,no,/
IMDQVPFGV,CASSPRGGTADTQYF,0.0079,no,/
VVVGARGVGK,CASSLSFRQGLREQYF,0.0079,no,/
YMDGTMSKV,CAISPTEEGGLIFPGNTIYF,0.0079,no,/
VVVGAVSVGK,CASSLSFRQGLREQYF,0.0078,no,/
IMDQEPFSV,CASSPRGGTADTQYF,0.0078,no,/
IMDQDPFSV,CASSPRGGTADTQYF,0.0078,no,/
EVDWIGHLY,CASSPNMADEQYF,0.0078,no,/
EVDPIDHLY,CASSPNMADEQYF,0.0078,no,/
EVDPHGHLY,CASSPNMADEQYF,0.0078,no,/
YMDGTMLQV,CAISPTEEGGLIFPGNTIYF,0.0078,no,/
YMDGKMSQV,CAISPTEEGGLIFPGNTIYF,0.0078,no,/
EEDPIGHLY,CASSPNMADEQYF,0.0078,no,/
GRLKAKCQR,CASSLARQGSNEQYF,0.0078,no,/
VVVGAVGVRK,CASSLSFRQGLREQYF,0.0078,no,/
IMDQVPFEV,CASSPRGGTADTQYF,0.0077,no,/
IMDQCPFSV,CASSPRGGTADTQYF,0.0077,no,/
GRLKGLCQR,CASSLARQGSNEQYF,0.0077,no,/
GRLPALCQR,CASSLARQGSNEQYF,0.0077,no,/
VVVGAVIVGK,CASSLSFRQGLREQYF,0.0077,no,/
YMDGTMWQV,CAISPTEEGGLIFPGNTIYF,0.0077,no,/
IMDQVPFLV,CASSPRGGTADTQYF,0.0077,no,/
VVVGAVGTGK,CASSLSFRQGLREQYF,0.0077,no,/
VVVIAVGVGK,CASSLSFRQGLREQYF,0.0077,no,/
GRLKALGQR,CASSLARQGSNEQYF,0.0076,no,/
EVDPIGHMY,CASSPNMADEQYF,0.0076,no,/
EVDPIGHFY,CASSPNMADEQYF,0.0076,no,/
EVDRIGHLY,CASSPNMADEQYF,0.0076,no,/
IMDQVPDSV,CASSPRGGTADTQYF,0.0076,no,/
GRLKTLCQR,CASSLARQGSNEQYF,0.0076,no,/
EVDYIGHLY,CASSPNMADEQYF,0.0076,no,/
IMDQVPFFV,CASSPRGGTADTQYF,0.0075,no,/
IMDQVPFPV,CASSPRGGTADTQYF,0.0075,no,/
VVVGAVFVGK,CASSLSFRQGLREQYF,0.0075,no,/
EVDFIGHLY,CASSPNMADEQYF,0.0075,no,/
IMDQVPVSV,CASSPRGGTADTQYF,0.0075,no,/
EVDAIGHLY,CASSPNMADEQYF,0.0074,no,/
IMDQVPNSV,CASSPRGGTADTQYF,0.0074,no,/
VVVGADGVGK,CASSLSFRQGLREQYF,0.0074,no,/
EVDPIGHNY,CASSPNMADEQYF,0.0073,no,/
EVDCIGHLY,CASSPNMADEQYF,0.0073,no,/
GRLKELCQR,CASSLARQGSNEQYF,0.0073,no,/
VVVTAVGVGK,CASSLSFRQGLREQYF,0.0073,no,/
IMDQGPFSV,CASSPRGGTADTQYF,0.0073,no,/
YMDGTMDQV,CAISPTEEGGLIFPGNTIYF,0.0073,no,/
IMDQVPFKV,CASSPRGGTADTQYF,0.0072,no,/
VVVGAVGVGR,CASSLSFRQGLREQYF,0.0072,no,/
VVVPAVGVGK,CASSLSFRQGLREQYF,0.0072,no,/
IMDQVPFSK,CASSPRGGTADTQYF,0.0072,no,/
GRLKCLCQR,CASSLARQGSNEQYF,0.0072,no,/
VVVGAVKVGK,CASSLSFRQGLREQYF,0.0072,no,/
EVDIIGHLY,CASSPNMADEQYF,0.0072,no,/
GRLFALCQR,CASSLARQGSNEQYF,0.0072,no,/
GRLGALCQR,CASSLARQGSNEQYF,0.0071,no,/
EVDGIGHLY,CASSPNMADEQYF,0.0071,no,/
VVVVAVGVGK,CASSLSFRQGLREQYF,0.0071,no,/
GRLKDLCQR,CASSLARQGSNEQYF,0.0071,no,/
VVVGAVGRGK,CASSLSFRQGLREQYF,0.0071,no,/
EVDPPGHLY,CASSPNMADEQYF,0.0071,no,/
VVVGAVHVGK,CASSLSFRQGLREQYF,0.0069,no,/
VVVHAVGVGK,CASSLSFRQGLREQYF,0.0069,no,/
VVVGAVQVGK,CASSLSFRQGLREQYF,0.0069,no,/
VVVGAVTVGK,CASSLSFRQGLREQYF,0.0069,no,/
VVVGAGGVGK,CASSLSFRQGLREQYF,0.0069,no,/
YMDGTMIQV,CAISPTEEGGLIFPGNTIYF,0.0069,no,/
VVVNAVGVGK,CASSLSFRQGLREQYF,0.0068,no,/
EVDEIGHLY,CASSPNMADEQYF,0.0068,no,/
EVDKIGHLY,CASSPNMADEQYF,0.0068,no,/
VVVAAVGVGK,CASSLSFRQGLREQYF,0.0068,no,/
VVVGAVVVGK,CASSLSFRQGLREQYF,0.0068,no,/
YMDGTMPQV,CAISPTEEGGLIFPGNTIYF,0.0068,no,/
VVQGAVGVGK,CASSLSFRQGLREQYF,0.0067,no,/
YMDGGMSQV,CAISPTEEGGLIFPGNTIYF,0.0067,no,/
VVVQAVGVGK,CASSLSFRQGLREQYF,0.0067,no,/
VVVGAVEVGK,CASSLSFRQGLREQYF,0.0067,no,/
VVVLAVGVGK,CASSLSFRQGLREQYF,0.0067,no,/
VVVCAVGVGK,CASSLSFRQGLREQYF,0.0066,no,/
VVGGAVGVGK,CASSLSFRQGLREQYF,0.0066,no,/
VVVEAVGVGK,CASSLSFRQGLREQYF,0.0066,no,/
IMDQVPMSV,CASSPRGGTADTQYF,0.0066,no,/
EVDHIGHLY,CASSPNMADEQYF,0.0066,no,/
VVRGAVGVGK,CASSLSFRQGLREQYF,0.0065,no,/
VVVGAKGVGK,CASSLSFRQGLREQYF,0.0065,no,/
VVVGAQGVGK,CASSLSFRQGLREQYF,0.0065,no,/
YMDGTMNQV,CAISPTEEGGLIFPGNTIYF,0.0065,no,/
VVVSAVGVGK,CASSLSFRQGLREQYF,0.0064,no,/
VVVYAVGVGK,CASSLSFRQGLREQYF,0.0064,no,/
VVHGAVGVGK,CASSLSFRQGLREQYF,0.0064,no,/
VVVGAVGVGL,CASSLSFRQGLREQYF,0.0064,no,/
VVVGAVGQGK,CASSLSFRQGLREQYF,0.0064,no,/
VVVGVVGVGK,CASSLSFRQGLREQYF,0.0064,no,/
VVVFAVGVGK,CASSLSFRQGLREQYF,0.0064,no,/
VVVGAVGVIK,CASSLSFRQGLREQYF,0.0064,no,/
VVVWAVGVGK,CASSLSFRQGLREQYF,0.0063,no,/
VVVGAVGVCK,CASSLSFRQGLREQYF,0.0063,no,/
VVKGAVGVGK,CASSLSFRQGLREQYF,0.0062,no,/
VVPGAVGVGK,CASSLSFRQGLREQYF,0.0062,no,/
VVVKAVGVGK,CASSLSFRQGLREQYF,0.0062,no,/
VVVGAVGVDK,CASSLSFRQGLREQYF,0.0062,no,/
VVVGAVYVGK,CASSLSFRQGLREQYF,0.0061,no,/
VVVGAVGVYK,CASSLSFRQGLREQYF,0.0061,no,/
VVVMAVGVGK,CASSLSFRQGLREQYF,0.0061,no,/
VVVGAVGVGN,CASSLSFRQGLREQYF,0.0061,no,/
VVVGAIGVGK,CASSLSFRQGLREQYF,0.0061,no,/
VVVGAVGVGI,CASSLSFRQGLREQYF,0.0061,no,/
VVVGAVGVGP,CASSLSFRQGLREQYF,0.006,no,/
VVVGAVGVAK,CASSLSFRQGLREQYF,0.006,no,/
VVVGAVGVGS,CASSLSFRQGLREQYF,0.006,no,/
VVVGAVCVGK,CASSLSFRQGLREQYF,0.006,no,/
VVWGAVGVGK,CASSLSFRQGLREQYF,0.006,no,/
VVVGAVAVGK,CASSLSFRQGLREQYF,0.006,no,/
VVVGAVGVKK,CASSLSFRQGLREQYF,0.006,no,/
VVDGAVGVGK,CASSLSFRQGLREQYF,0.006,no,/
VVIGAVGVGK,CASSLSFRQGLREQYF,0.006,no,/
VVVGAVGVTK,CASSLSFRQGLREQYF,0.0059,no,/
VVSGAVGVGK,CASSLSFRQGLREQYF,0.0059,no,/
VVVGAVGVGM,CASSLSFRQGLREQYF,0.0059,no,/
VVVGATGVGK,CASSLSFRQGLREQYF,0.0059,no,/
GRLKALAQR,CASSLARQGSNEQYF,0.0058,no,/
VVVRAVGVGK,CASSLSFRQGLREQYF,0.0058,no,/
VVLGAVGVGK,CASSLSFRQGLREQYF,0.0058,no,/
VVVGAVGVSK,CASSLSFRQGLREQYF,0.0058,no,/
VVCGAVGVGK,CASSLSFRQGLREQYF,0.0058,no,/
VVAGAVGVGK,CASSLSFRQGLREQYF,0.0057,no,/
VVVGAFGVGK,CASSLSFRQGLREQYF,0.0057,no,/
VVNGAVGVGK,CASSLSFRQGLREQYF,0.0057,no,/
VVVGFVGVGK,CASSLSFRQGLREQYF,0.0057,no,/
VVVGAVGWGK,CASSLSFRQGLREQYF,0.0057,no,/
VVVGQVGVGK,CASSLSFRQGLREQYF,0.0057,no,/
VVTGAVGVGK,CASSLSFRQGLREQYF,0.0057,no,/
VVVGAVGVGH,CASSLSFRQGLREQYF,0.0057,no,/
VVYGAVGVGK,CASSLSFRQGLREQYF,0.0057,no,/
VVVGNVGVGK,CASSLSFRQGLREQYF,0.0057,no,/
VVEGAVGVGK,CASSLSFRQGLREQYF,0.0056,no,/
VVVGRVGVGK,CASSLSFRQGLREQYF,0.0056,no,/
VVVGKVGVGK,CASSLSFRQGLREQYF,0.0056,no,/
VVVGAVGDGK,CASSLSFRQGLREQYF,0.0056,no,/
VVVGSVGVGK,CASSLSFRQGLREQYF,0.0056,no,/
VVVGAVGVVK,CASSLSFRQGLREQYF,0.0056,no,/
VSVGAVGVGK,CASSLSFRQGLREQYF,0.0056,no,/
VQVGAVGVGK,CASSLSFRQGLREQYF,0.0056,no,/
VVVGEVGVGK,CASSLSFRQGLREQYF,0.0056,no,/
GVVGAVGVGK,CASSLSFRQGLREQYF,0.0056,no,/
VVMGAVGVGK,CASSLSFRQGLREQYF,0.0056,no,/
VVVGAVGSGK,CASSLSFRQGLREQYF,0.0055,no,/
VVVGAVGVGQ,CASSLSFRQGLREQYF,0.0055,no,/
VVVGAVDVGK,CASSLSFRQGLREQYF,0.0055,no,/
VVVGAVGVWK,CASSLSFRQGLREQYF,0.0055,no,/
VVVGAEGVGK,CASSLSFRQGLREQYF,0.0055,no,/
HVVGAVGVGK,CASSLSFRQGLREQYF,0.0055,no,/
VIVGAVGVGK,CASSLSFRQGLREQYF,0.0054,no,/
EVVGAVGVGK,CASSLSFRQGLREQYF,0.0054,no,/
RVVGAVGVGK,CASSLSFRQGLREQYF,0.0054,no,/
VVVGAVGVEK,CASSLSFRQGLREQYF,0.0054,no,/
VVVGAVGVLK,CASSLSFRQGLREQYF,0.0054,no,/
VVVGAHGVGK,CASSLSFRQGLREQYF,0.0054,no,/
VVVGASGVGK,CASSLSFRQGLREQYF,0.0054,no,/
KVVGAVGVGK,CASSLSFRQGLREQYF,0.0054,no,/
VTVGAVGVGK,CASSLSFRQGLREQYF,0.0054,no,/
VVVGYVGVGK,CASSLSFRQGLREQYF,0.0054,no,/
VVVGAAGVGK,CASSLSFRQGLREQYF,0.0054,no,/
VHVGAVGVGK,CASSLSFRQGLREQYF,0.0054,no,/
IVVGAVGVGK,CASSLSFRQGLREQYF,0.0053,no,/
TVVGAVGVGK,CASSLSFRQGLREQYF,0.0053,no,/
VVVGAVGVGG,CASSLSFRQGLREQYF,0.0053,no,/
CVVGAVGVGK,CASSLSFRQGLREQYF,0.0053,no,/
FVVGAVGVGK,CASSLSFRQGLREQYF,0.0053,no,/
LVVGAVGVGK,CASSLSFRQGLREQYF,0.0053,no,/
VEVGAVGVGK,CASSLSFRQGLREQYF,0.0053,no,/
WVVGAVGVGK,CASSLSFRQGLREQYF,0.0053,no,/
MVVGAVGVGK,CASSLSFRQGLREQYF,0.0053,no,/
VVVGAWGVGK,CASSLSFRQGLREQYF,0.0053,no,/
PVVGAVGVGK,CASSLSFRQGLREQYF,0.0053,no,/
NVVGAVGVGK,CASSLSFRQGLREQYF,0.0053,no,/
YVVGAVGVGK,CASSLSFRQGLREQYF,0.0053,no,/
VVVGPVGVGK,CASSLSFRQGLREQYF,0.0053,no,/
QVVGAVGVGK,CASSLSFRQGLREQYF,0.0053,no,/
DVVGAVGVGK,CASSLSFRQGLREQYF,0.0053,no,/
AVVGAVGVGK,CASSLSFRQGLREQYF,0.0052,no,/
SVVGAVGVGK,CASSLSFRQGLREQYF,0.0052,no,/
VVVGAVWVGK,CASSLSFRQGLREQYF,0.0052,no,/
VVVGAVGEGK,CASSLSFRQGLREQYF,0.0052,no,/
VAVGAVGVGK,CASSLSFRQGLREQYF,0.0052,no,/
VVVGAVGVGK,CASSLSFRQGLREQYF,0.0052,no,/
VYVGAVGVGK,CASSLSFRQGLREQYF,0.0052,no,/
VLVGAVGVGK,CASSLSFRQGLREQYF,0.0052,no,/
VVVGAVLVGK,CASSLSFRQGLREQYF,0.0052,no,/
VKVGAVGVGK,CASSLSFRQGLREQYF,0.0052,no,/
VPVGAVGVGK,CASSLSFRQGLREQYF,0.0052,no,/
VVVGDVGVGK,CASSLSFRQGLREQYF,0.0051,no,/
VVVGAVGVMK,CASSLSFRQGLREQYF,0.0051,no,/
VVVGAVGKGK,CASSLSFRQGLREQYF,0.0051,no,/
VWVGAVGVGK,CASSLSFRQGLREQYF,0.0051,no,/
VCVGAVGVGK,CASSLSFRQGLREQYF,0.0051,no,/
VDVGAVGVGK,CASSLSFRQGLREQYF,0.0051,no,/
VMVGAVGVGK,CASSLSFRQGLREQYF,0.0051,no,/
VVVGAVGVGD,CASSLSFRQGLREQYF,0.0051,no,/
VRVGAVGVGK,CASSLSFRQGLREQYF,0.0051,no,/
VVVGMVGVGK,CASSLSFRQGLREQYF,0.005,no,/
VVVGCVGVGK,CASSLSFRQGLREQYF,0.005,no,/
VNVGAVGVGK,CASSLSFRQGLREQYF,0.005,no,/
VVVGAVGYGK,CASSLSFRQGLREQYF,0.005,no,/
VVVGANGVGK,CASSLSFRQGLREQYF,0.005,no,/
VGVGAVGVGK,CASSLSFRQGLREQYF,0.005,no,/
VVFGAVGVGK,CASSLSFRQGLREQYF,0.005,no,/
VVVGAYGVGK,CASSLSFRQGLREQYF,0.005,no,/
VFVGAVGVGK,CASSLSFRQGLREQYF,0.005,no,/
VVVGAVGLGK,CASSLSFRQGLREQYF,0.005,no,/
VVVGAVGPGK,CASSLSFRQGLREQYF,0.0049,no,/
VVVGAVGCGK,CASSLSFRQGLREQYF,0.0049,no,/
VVVGAVGAGK,CASSLSFRQGLREQYF,0.0049,no,/
VVVGAVGVGF,CASSLSFRQGLREQYF,0.0048,no,/
VVVGAVPVGK,CASSLSFRQGLREQYF,0.0048,no,/
VVVGAVGVGC,CASSLSFRQGLREQYF,0.0048,no,/
VVVGWVGVGK,CASSLSFRQGLREQYF,0.0047,no,/
VVVGAVMVGK,CASSLSFRQGLREQYF,0.0047,no,/
VVVGACGVGK,CASSLSFRQGLREQYF,0.0047,no,/
VVVGAVGIGK,CASSLSFRQGLREQYF,0.0047,no,/
VVVGAVGVGY,CASSLSFRQGLREQYF,0.0047,no,/
VVVGLVGVGK,CASSLSFRQGLREQYF,0.0047,no,/
VVVGAPGVGK,CASSLSFRQGLREQYF,0.0047,no,/
VVVGALGVGK,CASSLSFRQGLREQYF,0.0046,no,/
VVVGAVGVGA,CASSLSFRQGLREQYF,0.0046,no,/
VVVGAVGVGW,CASSLSFRQGLREQYF,0.0046,no,/
VVVGHVGVGK,CASSLSFRQGLREQYF,0.0045,no,/
VVVGAVGVGE,CASSLSFRQGLREQYF,0.0045,no,/
VVVGAMGVGK,CASSLSFRQGLREQYF,0.0044,no,/
GRLKALCPR,CASSLARQGSNEQYF,0.0044,no,/
VVVGAVGVGT,CASSLSFRQGLREQYF,0.0043,no,/
VVVGAVGHGK,CASSLSFRQGLREQYF,0.0043,no,/
VVVGGVGVGK,CASSLSFRQGLREQYF,0.0043,no,/
VVVGAVGNGK,CASSLSFRQGLREQYF,0.0042,no,/
VVVGAVGFGK,CASSLSFRQGLREQYF,0.0041,no,/
VVVGAVNVGK,CASSLSFRQGLREQYF,0.0041,no,/
VVVGAVGMGK,CASSLSFRQGLREQYF,0.004,no,/
VVVGAVGVFK,CASSLSFRQGLREQYF,0.004,no,/
VVVGTVGVGK,CASSLSFRQGLREQYF,0.0039,no,/
VVVGAVGVGV,CASSLSFRQGLREQYF,0.0038,no,/
