"","tcr","type","index_peptide","pair","auc"
"1","NLV2","Full_unpooled","NLVPMVATV","WS",0.624444444444445
"2","NLV2","Full_unpooled","NLVPMVATV","NS",0.860952380952381
"3","NLV2","Full_unpooled","NLVPMVATV","NW",0.793176470588235
"4","NLV3","Full_unpooled","NLVPMVATV","WS",0.432857142857143
"5","NLV3","Full_unpooled","NLVPMVATV","NS",0.831335331335331
"6","NLV3","Full_unpooled","NLVPMVATV","NW",0.803880742913001
"7","11A10","Full_unpooled","TPQDLNTML","WS",0.824963924963925
"8","11A10","Full_unpooled","TPQDLNTML","NS",0.940624303232999
"9","11A10","Full_unpooled","TPQDLNTML","NW",0.814360607356031
"10","12A11","Full_unpooled","TPQDLNTML","WS",0.793707482993197
"11","12A11","Full_unpooled","TPQDLNTML","NS",0.940657588026009
"12","12A11","Full_unpooled","TPQDLNTML","NW",0.777486329460014
"13","18A2","Full_unpooled","TPQDLNTML","WS",0.843280423280423
"14","18A2","Full_unpooled","TPQDLNTML","NS",0.941219715956558
"15","18A2","Full_unpooled","TPQDLNTML","NW",0.697243943191312
"16","7A10","Full_unpooled","TPQDLNTML","WS",0.768333333333333
"17","7A10","Full_unpooled","TPQDLNTML","NS",0.994017094017094
"18","7A10","Full_unpooled","TPQDLNTML","NW",0.881155474155474
"19","13A10","Full_unpooled","TPQDLNTML","WS",0.816
"20","13A10","Full_unpooled","TPQDLNTML","NS",0.954216524216524
"21","13A10","Full_unpooled","TPQDLNTML","NW",0.871467236467237
"22","14A4","Full_unpooled","TPQDLNTML","WS",0.809047619047619
"23","14A4","Full_unpooled","TPQDLNTML","NS",0.952619843924192
"24","14A4","Full_unpooled","TPQDLNTML","NW",0.74806743980657
"25","16A11","Full_unpooled","TPQDLNTML","WS",0.266666666666667
"26","16A11","Full_unpooled","TPQDLNTML","NS",0.846360153256705
"27","16A11","Full_unpooled","TPQDLNTML","NW",0.884364575288114
"28","14D7","Full_unpooled","TPQDLNTML","WS",0.45
"29","14D7","Full_unpooled","TPQDLNTML","NS",0.902322796934866
"30","14D7","Full_unpooled","TPQDLNTML","NW",0.891866327996716
"31","NYE-S1","Full_unpooled","SLLMWITQC","WS",0.73503108003108
"32","NYE-S1","Full_unpooled","SLLMWITQC","NS",0.956500582750583
"33","NYE-S1","Full_unpooled","SLLMWITQC","NW",0.795299145299145
"34","NYE-S2","Full_unpooled","SLLMWITQC","WS",0.458888888888889
"35","NYE-S2","Full_unpooled","SLLMWITQC","NS",0.94007474007474
"36","NYE-S2","Full_unpooled","SLLMWITQC","NW",0.936004612671279
"37","NYE-S3","Full_unpooled","SLLMWITQC","WS",0.776275510204082
"38","NYE-S3","Full_unpooled","SLLMWITQC","NS",0.956469254368414
"39","NYE-S3","Full_unpooled","SLLMWITQC","NW",0.817729869725668
"40","868Z11","Full_unpooled","SLYNTVATL","WS",0.533110119047619
"41","868Z11","Full_unpooled","SLYNTVATL","NS",0.892596073517126
"42","868Z11","Full_unpooled","SLYNTVATL","NW",0.868171171977563
"43","TCR1","Full_unpooled","NLVPMVATV","WS",0.625432107165853
"44","TCR1","Full_unpooled","NLVPMVATV","NS",0.918106644453691
"45","TCR1","Full_unpooled","NLVPMVATV","NW",0.788810395953253
"46","TCR2","Full_unpooled","NLVPMVATV","WS",0.905612745098039
"47","TCR2","Full_unpooled","NLVPMVATV","NS",0.891639561707036
"48","TCR2","Full_unpooled","NLVPMVATV","NW",0.503823529411765
"49","TCR3","Full_unpooled","NLVPMVATV","WS",0.472452587095444
"50","TCR3","Full_unpooled","NLVPMVATV","NS",0.797099897651368
"51","TCR3","Full_unpooled","NLVPMVATV","NW",0.857369042313895
"52","TCR4","Full_unpooled","IMDQVPFSV","WS",0.716071428571429
"53","TCR4","Full_unpooled","IMDQVPFSV","NS",0.938033881018674
"54","TCR4","Full_unpooled","IMDQVPFSV","NW",0.810027248280622
"55","TCR5","Full_unpooled","IMDQVPFSV","WS",0.82829793437843
"56","TCR5","Full_unpooled","IMDQVPFSV","NS",0.923207201009059
"57","TCR5","Full_unpooled","IMDQVPFSV","NW",0.759368686868687
"58","TCR6","Full_unpooled","IMDQVPFSV","WS",0.796901709401709
"59","TCR6","Full_unpooled","IMDQVPFSV","NS",0.926833429728167
"60","TCR6","Full_unpooled","IMDQVPFSV","NW",0.67421679197995
"61","TCR7","Full_unpooled","GRLKALCQR","WS",0.664409400123686
"62","TCR7","Full_unpooled","GRLKALCQR","NS",0.921755125712747
"63","TCR7","Full_unpooled","GRLKALCQR","NW",0.784284249585001
"64","A6","Full_unpooled","LLFGYPVYV","WS",0.792229877965172
"65","A6","Full_unpooled","LLFGYPVYV","NS",0.923954672778202
"66","A6","Full_unpooled","LLFGYPVYV","NW",0.724452424803361
"67","B7","Full_unpooled","LLFGYPVYV","WS",0.714099567099567
"68","B7","Full_unpooled","LLFGYPVYV","NS",0.921969696969697
"69","B7","Full_unpooled","LLFGYPVYV","NW",0.749085884822249
"70","T1","Full_unpooled","ALYDKTKRI","WS",0.555555555555555
"71","T1","Full_unpooled","ALYDKTKRI","NS",0.969693896367324
"72","T1","Full_unpooled","ALYDKTKRI","NW",0.811827956989247
"73","FLT3DY","Full_unpooled","YIMSDSNYV","WS",0.750166666666667
"74","FLT3DY","Full_unpooled","YIMSDSNYV","NS",0.907374064828298
"75","FLT3DY","Full_unpooled","YIMSDSNYV","NW",0.865787913459538
"76","A23","Full_unpooled","SLFLGILSV","WS",0.718571428571429
"77","A23","Full_unpooled","SLFLGILSV","NS",0.972696939076249
"78","A23","Full_unpooled","SLFLGILSV","NW",0.94164035198518
"79","c259","Full_unpooled","SLLMWITQC","WS",0.615575396825397
"80","c259","Full_unpooled","SLLMWITQC","NS",0.91413258038258
"81","c259","Full_unpooled","SLLMWITQC","NW",0.875979852969828
"82","TCR1-T","Full_unpooled","FMNKFIYEI","WS",0.37077380952381
"83","TCR1-T","Full_unpooled","FMNKFIYEI","NS",0.896400892340742
"84","TCR1-T","Full_unpooled","FMNKFIYEI","NW",0.921023143940437
"85","TCR2-T","Full_unpooled","FMNKFIYEI","WS",0.561
"86","TCR2-T","Full_unpooled","FMNKFIYEI","NS",0.945332191962627
"87","TCR2-T","Full_unpooled","FMNKFIYEI","NW",0.882891118543293
"88","TCR3-T","Full_unpooled","FMNKFIYEI","WS",0.733068783068783
"89","TCR3-T","Full_unpooled","FMNKFIYEI","NS",0.983795575896263
"90","TCR3-T","Full_unpooled","FMNKFIYEI","NW",0.879360248447205
"91","47BE7","Full_unpooled","YGFRNVVHI","WS",0.823005952380952
"92","47BE7","Full_unpooled","YGFRNVVHI","NS",0.94371441424073
"93","47BE7","Full_unpooled","YGFRNVVHI","NW",0.84886302294197
"94","a3a","Full_unpooled","EVDPIGHLY","WS",0.735653235653236
"95","a3a","Full_unpooled","EVDPIGHLY","NS",0.978952991452992
"96","a3a","Full_unpooled","EVDPIGHLY","NW",0.914931827431828
"97","TIL1383I","Full_unpooled","YMDGTMSQV","WS",0.779948717948718
"98","TIL1383I","Full_unpooled","YMDGTMSQV","NS",0.865239205239205
"99","TIL1383I","Full_unpooled","YMDGTMSQV","NW",0.603298701298701
"100","R21","Full_unpooled","VPSVWRSSL","WS",0.857605311355311
"101","R21","Full_unpooled","VPSVWRSSL","NS",0.900128205128205
"102","R21","Full_unpooled","VPSVWRSSL","NW",0.628448412698413
"103","R23","Full_unpooled","VPSVWRSSL","WS",0.950555555555556
"104","R23","Full_unpooled","VPSVWRSSL","NS",1
"105","R23","Full_unpooled","VPSVWRSSL","NW",0.660555555555556
"106","R24","Full_unpooled","VPSVWRSSL","WS",0.665075757575758
"107","R24","Full_unpooled","VPSVWRSSL","NS",0.973821548821549
"108","R24","Full_unpooled","VPSVWRSSL","NW",0.901010101010101
"109","R25","Full_unpooled","VPSVWRSSL","WS",0.902622655122655
"110","R25","Full_unpooled","VPSVWRSSL","NS",0.98040873015873
"111","R25","Full_unpooled","VPSVWRSSL","NW",0.838174603174603
"112","R26","Full_unpooled","VPSVWRSSL","WS",0.890607475857476
"113","R26","Full_unpooled","VPSVWRSSL","NS",0.965902506584325
"114","R26","Full_unpooled","VPSVWRSSL","NW",0.692482993197279
"115","R27","Full_unpooled","VPSVWRSSL","WS",0.88603548085901
"116","R27","Full_unpooled","VPSVWRSSL","NS",0.984967320261438
"117","R27","Full_unpooled","VPSVWRSSL","NW",0.828857142857143
"118","R28","Full_unpooled","VPSVWRSSL","WS",0.944444444444444
"119","R28","Full_unpooled","VPSVWRSSL","NS",0.973433919022154
"120","R28","Full_unpooled","VPSVWRSSL","NW",0.708018207282913
"121","TCR1-4","Full_unpooled","NLVPMVATV","WS",0.794139194139194
"122","TCR1-4","Full_unpooled","NLVPMVATV","NS",0.894852402499461
"123","TCR1-4","Full_unpooled","NLVPMVATV","NW",0.742732246744852
"124","TCR2-4","Full_unpooled","NLVPMVATV","WS",0.739069427304721
"125","TCR2-4","Full_unpooled","NLVPMVATV","NS",0.921736596736597
"126","TCR2-4","Full_unpooled","NLVPMVATV","NW",0.795535811546841
"127","TCR3-4","Full_unpooled","NLVPMVATV","WS",0.898589743589744
"128","TCR3-4","Full_unpooled","NLVPMVATV","NS",0.97702380952381
"129","TCR3-4","Full_unpooled","NLVPMVATV","NW",0.816213247536777
"130","TCR4-4","Full_unpooled","NLVPMVATV","WS",0.761488095238095
"131","TCR4-4","Full_unpooled","NLVPMVATV","NS",0.974847612704756
"132","TCR4-4","Full_unpooled","NLVPMVATV","NW",0.862822594072594
"133","TCR5-2","Full_unpooled","NLVPMVATV","WS",0.796139851774043
"134","TCR5-2","Full_unpooled","NLVPMVATV","NS",0.942178260192966
"135","TCR5-2","Full_unpooled","NLVPMVATV","NW",0.850411706349206
"136","TCR6-2","Full_unpooled","NLVPMVATV","WS",0.716153305631566
"137","TCR6-2","Full_unpooled","NLVPMVATV","NS",0.865036231884058
"138","TCR6-2","Full_unpooled","NLVPMVATV","NW",0.636363636363636
"139","TCR10-4","Full_unpooled","NLVPMVATV","WS",0.724456793206793
"140","TCR10-4","Full_unpooled","NLVPMVATV","NS",0.903010323010323
"141","TCR10-4","Full_unpooled","NLVPMVATV","NW",0.777008928571429
"142","TCR11-4","Full_unpooled","NLVPMVATV","WS",0.718040293040293
"143","TCR11-4","Full_unpooled","NLVPMVATV","NS",0.894404761904762
"144","TCR11-4","Full_unpooled","NLVPMVATV","NW",0.802240537240537
"145","TCR51-10","Full_unpooled","NLVPMVATV","WS",0.77544289044289
"146","TCR51-10","Full_unpooled","NLVPMVATV","NS",0.952153422772618
"147","TCR51-10","Full_unpooled","NLVPMVATV","NW",0.876846930159624
"148","TCR52-10","Full_unpooled","NLVPMVATV","WS",0.675829463364293
"149","TCR52-10","Full_unpooled","NLVPMVATV","NS",0.89827721661055
"150","TCR52-10","Full_unpooled","NLVPMVATV","NW",0.848905137546778
"151","TCR54-10","Full_unpooled","NLVPMVATV","WS",0.792442334354099
"152","TCR54-10","Full_unpooled","NLVPMVATV","NS",0.91866682700016
"153","TCR54-10","Full_unpooled","NLVPMVATV","NW",0.762582696896422
"154","TCR65-8","Full_unpooled","NLVPMVATV","WS",0.851172161172161
"155","TCR65-8","Full_unpooled","NLVPMVATV","NS",0.959575702075702
"156","TCR65-8","Full_unpooled","NLVPMVATV","NW",0.806597356891475
"157","TCR66-8","Full_unpooled","NLVPMVATV","WS",0.865417915417915
"158","TCR66-8","Full_unpooled","NLVPMVATV","NS",0.964095623674571
"159","TCR66-8","Full_unpooled","NLVPMVATV","NW",0.710395021645022
"160","TCR73-14","Full_unpooled","NLVPMVATV","WS",0.675894993894994
"161","TCR73-14","Full_unpooled","NLVPMVATV","NS",0.882664557664558
"162","TCR73-14","Full_unpooled","NLVPMVATV","NW",0.78519869019869
"163","TCR74-14","Full_unpooled","NLVPMVATV","WS",0.761814211573264
"164","TCR74-14","Full_unpooled","NLVPMVATV","NS",0.865555555555556
"165","TCR74-14","Full_unpooled","NLVPMVATV","NW",0.718544592512825
"166","TCR77-14","Full_unpooled","NLVPMVATV","WS",0.705593156843157
"167","TCR77-14","Full_unpooled","NLVPMVATV","NS",0.954115606615607
"168","TCR77-14","Full_unpooled","NLVPMVATV","NW",0.873744750619751
"169","TCR81-14","Full_unpooled","NLVPMVATV","WS",0.784073565323565
"170","TCR81-14","Full_unpooled","NLVPMVATV","NS",0.874242424242424
"171","TCR81-14","Full_unpooled","NLVPMVATV","NW",0.703753746253746
"172","TCR82-14","Full_unpooled","NLVPMVATV","WS",0.836139878639879
"173","TCR82-14","Full_unpooled","NLVPMVATV","NS",0.989954474097331
"174","TCR82-14","Full_unpooled","NLVPMVATV","NW",0.788194444444444
"175","TCR83-3","Full_unpooled","NLVPMVATV","WS",0.618003034547152
"176","TCR83-3","Full_unpooled","NLVPMVATV","NS",0.824263559969442
"177","TCR83-3","Full_unpooled","NLVPMVATV","NW",0.726875
"178","TCR84-3","Full_unpooled","NLVPMVATV","WS",0.866529650904651
"179","TCR84-3","Full_unpooled","NLVPMVATV","NS",0.981225198412698
"180","TCR84-3","Full_unpooled","NLVPMVATV","NW",0.832520257520257
"181","A3-05","Full_unpooled","EVDPIGHLY","WS",0.641507936507937
"182","A3-05","Full_unpooled","EVDPIGHLY","NS",0.949040257648953
"183","A3-05","Full_unpooled","EVDPIGHLY","NW",0.889462583390844
"184","A3-10","Full_unpooled","EVDPIGHLY","WS",0.664130952380952
"185","A3-10","Full_unpooled","EVDPIGHLY","NS",0.947061868225551
"186","A3-10","Full_unpooled","EVDPIGHLY","NW",0.924882474729022
"187","TCR-1E6","Full_unpooled","ALWGPDPAAA","WS",0.676894586894587
"188","TCR-1E6","Full_unpooled","ALWGPDPAAA","NS",0.879192440816629
"189","TCR-1E6","Full_unpooled","ALWGPDPAAA","NW",0.821946595078529
"190","APN-TCR","Full_unpooled","APNCYGNIPL","WS",0.61051911976912
"191","APN-TCR","Full_unpooled","APNCYGNIPL","NS",0.901646379935854
"192","APN-TCR","Full_unpooled","APNCYGNIPL","NW",0.845282427428809
"193","EWW-TCR","Full_unpooled","EWWRSGGFSF","WS",0.788744588744589
"194","EWW-TCR","Full_unpooled","EWWRSGGFSF","NS",0.915927128427128
"195","EWW-TCR","Full_unpooled","EWWRSGGFSF","NW",0.765980913026368
"196","A3V","Full_unpooled","VVVGAVGVGK","WS",0.845818903318903
"197","A3V","Full_unpooled","VVVGAVGVGK","NS",0.969342779434313
"198","A3V","Full_unpooled","VVVGAVGVGK","NW",0.820690585158549
"199","A11Va","Full_unpooled","VVVGAVGVGK","WS",0.77642587210769
"200","A11Va","Full_unpooled","VVVGAVGVGK","NS",0.939567793317793
"201","A11Va","Full_unpooled","VVVGAVGVGK","NW",0.785067444810092
"202","A11Vb","Full_unpooled","VVVGAVGVGK","WS",0.692361111111111
"203","A11Vb","Full_unpooled","VVVGAVGVGK","NS",0.938514021238479
"204","A11Vb","Full_unpooled","VVVGAVGVGK","NW",0.885266754229603
"205","A11Vc","Full_unpooled","VVVGAVGVGK","WS",0.851111111111111
"206","A11Vc","Full_unpooled","VVVGAVGVGK","NS",0.961565939507116
"207","A11Vc","Full_unpooled","VVVGAVGVGK","NW",0.849729983820893
"208","NLV2","Symmetric_across","NLVPMVATV","WS",0.758888888888889
"209","NLV2","Symmetric_across","NLVPMVATV","NS",0.964793650793651
"210","NLV2","Symmetric_across","NLVPMVATV","NW",0.778188795518207
"211","NLV3","Symmetric_across","NLVPMVATV","WS",0.509333333333333
"212","NLV3","Symmetric_across","NLVPMVATV","NS",0.904395604395604
"213","NLV3","Symmetric_across","NLVPMVATV","NW",0.890477166202973
"214","11A10","Symmetric_across","TPQDLNTML","WS",0.875555555555556
"215","11A10","Symmetric_across","TPQDLNTML","NS",0.971515151515151
"216","11A10","Symmetric_across","TPQDLNTML","NW",0.786815159668707
"217","12A11","Symmetric_across","TPQDLNTML","WS",0.831462585034014
"218","12A11","Symmetric_across","TPQDLNTML","NS",0.982967032967033
"219","12A11","Symmetric_across","TPQDLNTML","NW",0.788937378411063
"220","18A2","Symmetric_across","TPQDLNTML","WS",0.873153439153439
"221","18A2","Symmetric_across","TPQDLNTML","NS",0.959569757727653
"222","18A2","Symmetric_across","TPQDLNTML","NW",0.708038220551378
"223","7A10","Symmetric_across","TPQDLNTML","WS",0.751666666666667
"224","7A10","Symmetric_across","TPQDLNTML","NS",0.993333333333333
"225","7A10","Symmetric_across","TPQDLNTML","NW",0.919595238095238
"226","13A10","Symmetric_across","TPQDLNTML","WS",0.753333333333333
"227","13A10","Symmetric_across","TPQDLNTML","NS",0.952820512820513
"228","13A10","Symmetric_across","TPQDLNTML","NW",0.87769943019943
"229","14A4","Symmetric_across","TPQDLNTML","WS",0.775952380952381
"230","14A4","Symmetric_across","TPQDLNTML","NS",0.93533145598363
"231","14A4","Symmetric_across","TPQDLNTML","NW",0.785004053917097
"232","16A11","Symmetric_across","TPQDLNTML","WS",0.366666666666667
"233","16A11","Symmetric_across","TPQDLNTML","NS",0.891570881226054
"234","16A11","Symmetric_across","TPQDLNTML","NW",0.921331485772265
"235","14D7","Symmetric_across","TPQDLNTML","WS",0.216666666666667
"236","14D7","Symmetric_across","TPQDLNTML","NS",0.839439655172414
"237","14D7","Symmetric_across","TPQDLNTML","NW",0.927160269567597
"238","NYE-S1","Symmetric_across","SLLMWITQC","WS",0.746606206293706
"239","NYE-S1","Symmetric_across","SLLMWITQC","NS",0.959030691530691
"240","NYE-S1","Symmetric_across","SLLMWITQC","NW",0.806047008547009
"241","NYE-S2","Symmetric_across","SLLMWITQC","WS",0.531666666666667
"242","NYE-S2","Symmetric_across","SLLMWITQC","NS",0.95451677951678
"243","NYE-S2","Symmetric_across","SLLMWITQC","NW",0.932051693162804
"244","NYE-S3","Symmetric_across","SLLMWITQC","WS",0.773299319727891
"245","NYE-S3","Symmetric_across","SLLMWITQC","NS",0.957539682539683
"246","NYE-S3","Symmetric_across","SLLMWITQC","NW",0.851732915388377
"247","868Z11","Symmetric_across","SLYNTVATL","WS",0.688244047619048
"248","868Z11","Symmetric_across","SLYNTVATL","NS",0.947779605263158
"249","868Z11","Symmetric_across","SLYNTVATL","NW",0.918957736603413
"250","TCR1","Symmetric_across","NLVPMVATV","WS",0.737238332129973
"251","TCR1","Symmetric_across","NLVPMVATV","NS",0.932268452728681
"252","TCR1","Symmetric_across","NLVPMVATV","NW",0.737233451072737
"253","TCR2","Symmetric_across","NLVPMVATV","WS",0.904313725490196
"254","TCR2","Symmetric_across","NLVPMVATV","NS",0.916517236960144
"255","TCR2","Symmetric_across","NLVPMVATV","NW",0.497058823529412
"256","TCR3","Symmetric_across","NLVPMVATV","WS",0.680051020408163
"257","TCR3","Symmetric_across","NLVPMVATV","NS",0.82426317554994
"258","TCR3","Symmetric_across","NLVPMVATV","NW",0.75185531788473
"259","TCR4","Symmetric_across","IMDQVPFSV","WS",0.732857142857143
"260","TCR4","Symmetric_across","IMDQVPFSV","NS",0.958999398260054
"261","TCR4","Symmetric_across","IMDQVPFSV","NW",0.840608100711549
"262","TCR5","Symmetric_across","IMDQVPFSV","WS",0.853684243287958
"263","TCR5","Symmetric_across","IMDQVPFSV","NS",0.933304979620769
"264","TCR5","Symmetric_across","IMDQVPFSV","NW",0.68030303030303
"265","TCR6","Symmetric_across","IMDQVPFSV","WS",0.83267094017094
"266","TCR6","Symmetric_across","IMDQVPFSV","NS",0.902688451898978
"267","TCR6","Symmetric_across","IMDQVPFSV","NW",0.668802213868003
"268","TCR7","Symmetric_across","GRLKALCQR","WS",0.788517831374974
"269","TCR7","Symmetric_across","GRLKALCQR","NS",0.938964767290126
"270","TCR7","Symmetric_across","GRLKALCQR","NW",0.741571786609381
"271","A6","Symmetric_across","LLFGYPVYV","WS",0.759111819552996
"272","A6","Symmetric_across","LLFGYPVYV","NS",0.904149477973007
"273","A6","Symmetric_across","LLFGYPVYV","NW",0.730301416497941
"274","B7","Symmetric_across","LLFGYPVYV","WS",0.784707792207792
"275","B7","Symmetric_across","LLFGYPVYV","NS",0.955
"276","B7","Symmetric_across","LLFGYPVYV","NW",0.753343158861341
"277","T1","Symmetric_across","ALYDKTKRI","WS",0.5
"278","T1","Symmetric_across","ALYDKTKRI","NS",0.988549566858799
"279","T1","Symmetric_across","ALYDKTKRI","NW",0.814900153609831
"280","FLT3DY","Symmetric_across","YIMSDSNYV","WS",0.633666666666667
"281","FLT3DY","Symmetric_across","YIMSDSNYV","NS",0.952556688163095
"282","FLT3DY","Symmetric_across","YIMSDSNYV","NW",0.892231949548883
"283","A23","Symmetric_across","SLFLGILSV","WS",0.634761904761905
"284","A23","Symmetric_across","SLFLGILSV","NS",0.961771714875163
"285","A23","Symmetric_across","SLFLGILSV","NW",0.937961068305896
"286","c259","Symmetric_across","SLLMWITQC","WS",0.712797619047619
"287","c259","Symmetric_across","SLLMWITQC","NS",0.955048670465337
"288","c259","Symmetric_across","SLLMWITQC","NW",0.913348738145731
"289","TCR1-T","Symmetric_across","FMNKFIYEI","WS",0.398265306122449
"290","TCR1-T","Symmetric_across","FMNKFIYEI","NS",0.909650554958826
"291","TCR1-T","Symmetric_across","FMNKFIYEI","NW",0.947935589890477
"292","TCR2-T","Symmetric_across","FMNKFIYEI","WS",0.529666666666667
"293","TCR2-T","Symmetric_across","FMNKFIYEI","NS",0.944213781387694
"294","TCR2-T","Symmetric_across","FMNKFIYEI","NW",0.932007219833307
"295","TCR3-T","Symmetric_across","FMNKFIYEI","WS",0.743915343915344
"296","TCR3-T","Symmetric_across","FMNKFIYEI","NS",0.974489702517162
"297","TCR3-T","Symmetric_across","FMNKFIYEI","NW",0.914847953216374
"298","47BE7","Symmetric_across","YGFRNVVHI","WS",0.848186507936508
"299","47BE7","Symmetric_across","YGFRNVVHI","NS",0.951618549579076
"300","47BE7","Symmetric_across","YGFRNVVHI","NW",0.830748987854251
"301","a3a","Symmetric_across","EVDPIGHLY","WS",0.848192918192918
"302","a3a","Symmetric_across","EVDPIGHLY","NS",0.984908424908425
"303","a3a","Symmetric_across","EVDPIGHLY","NW",0.922491181657848
"304","TIL1383I","Symmetric_across","YMDGTMSQV","WS",0.811128205128205
"305","TIL1383I","Symmetric_across","YMDGTMSQV","NS",0.928807858807859
"306","TIL1383I","Symmetric_across","YMDGTMSQV","NW",0.674632034632035
"307","R21","Symmetric_across","VPSVWRSSL","WS",0.83518315018315
"308","R21","Symmetric_across","VPSVWRSSL","NS",0.951025641025641
"309","R21","Symmetric_across","VPSVWRSSL","NW",0.753154761904762
"310","R23","Symmetric_across","VPSVWRSSL","WS",0.944074074074074
"311","R23","Symmetric_across","VPSVWRSSL","NS",1
"312","R23","Symmetric_across","VPSVWRSSL","NW",0.857777777777778
"313","R24","Symmetric_across","VPSVWRSSL","WS",0.756035353535353
"314","R24","Symmetric_across","VPSVWRSSL","NS",0.964758698092031
"315","R24","Symmetric_across","VPSVWRSSL","NW",0.896161616161616
"316","R25","Symmetric_across","VPSVWRSSL","WS",0.950734126984127
"317","R25","Symmetric_across","VPSVWRSSL","NS",0.985319444444444
"318","R25","Symmetric_across","VPSVWRSSL","NW",0.857301587301587
"319","R26","Symmetric_across","VPSVWRSSL","WS",0.913883901812473
"320","R26","Symmetric_across","VPSVWRSSL","NS",0.987225501770956
"321","R26","Symmetric_across","VPSVWRSSL","NW",0.755677179962894
"322","R27","Symmetric_across","VPSVWRSSL","WS",0.907335200746965
"323","R27","Symmetric_across","VPSVWRSSL","NS",0.981372549019608
"324","R27","Symmetric_across","VPSVWRSSL","NW",0.804714285714286
"325","R28","Symmetric_across","VPSVWRSSL","WS",0.933333333333333
"326","R28","Symmetric_across","VPSVWRSSL","NS",0.972552202699261
"327","R28","Symmetric_across","VPSVWRSSL","NW",0.762468169085816
"328","TCR1-4","Symmetric_across","NLVPMVATV","WS",0.810769230769231
"329","TCR1-4","Symmetric_across","NLVPMVATV","NS",0.940738526179703
"330","TCR1-4","Symmetric_across","NLVPMVATV","NW",0.764481982141969
"331","TCR2-4","Symmetric_across","NLVPMVATV","WS",0.804046802870332
"332","TCR2-4","Symmetric_across","NLVPMVATV","NS",0.968447293447294
"333","TCR2-4","Symmetric_across","NLVPMVATV","NW",0.871235074157868
"334","TCR3-4","Symmetric_across","NLVPMVATV","WS",0.925805860805861
"335","TCR3-4","Symmetric_across","NLVPMVATV","NS",0.998214285714286
"336","TCR3-4","Symmetric_across","NLVPMVATV","NW",0.850746312511018
"337","TCR4-4","Symmetric_across","NLVPMVATV","WS",0.778695887445887
"338","TCR4-4","Symmetric_across","NLVPMVATV","NS",0.993772893772894
"339","TCR4-4","Symmetric_across","NLVPMVATV","NW",0.912204045954046
"340","TCR5-2","Symmetric_across","NLVPMVATV","WS",0.847488036881419
"341","TCR5-2","Symmetric_across","NLVPMVATV","NS",0.978182384064737
"342","TCR5-2","Symmetric_across","NLVPMVATV","NW",0.850724206349206
"343","TCR6-2","Symmetric_across","NLVPMVATV","WS",0.804146796842449
"344","TCR6-2","Symmetric_across","NLVPMVATV","NS",0.934782608695652
"345","TCR6-2","Symmetric_across","NLVPMVATV","NW",0.681818181818182
"346","TCR10-4","Symmetric_across","NLVPMVATV","WS",0.83479020979021
"347","TCR10-4","Symmetric_across","NLVPMVATV","NS",0.954632034632035
"348","TCR10-4","Symmetric_across","NLVPMVATV","NW",0.766514423076923
"349","TCR11-4","Symmetric_across","NLVPMVATV","WS",0.814935897435897
"350","TCR11-4","Symmetric_across","NLVPMVATV","NS",0.950650183150183
"351","TCR11-4","Symmetric_across","NLVPMVATV","NW",0.815680708180708
"352","TCR51-10","Symmetric_across","NLVPMVATV","WS",0.847657342657343
"353","TCR51-10","Symmetric_across","NLVPMVATV","NS",0.986601307189543
"354","TCR51-10","Symmetric_across","NLVPMVATV","NW",0.887346317253438
"355","TCR52-10","Symmetric_across","NLVPMVATV","WS",0.748813090050835
"356","TCR52-10","Symmetric_across","NLVPMVATV","NS",0.928703703703704
"357","TCR52-10","Symmetric_across","NLVPMVATV","NW",0.846777948907722
"358","TCR54-10","Symmetric_across","NLVPMVATV","WS",0.79770249947946
"359","TCR54-10","Symmetric_across","NLVPMVATV","NS",0.9496632996633
"360","TCR54-10","Symmetric_across","NLVPMVATV","NW",0.833249239866887
"361","TCR65-8","Symmetric_across","NLVPMVATV","WS",0.88615815556992
"362","TCR65-8","Symmetric_across","NLVPMVATV","NS",0.966357753357753
"363","TCR65-8","Symmetric_across","NLVPMVATV","NW",0.801923436041083
"364","TCR66-8","Symmetric_across","NLVPMVATV","WS",0.902601105035316
"365","TCR66-8","Symmetric_across","NLVPMVATV","NS",0.967977797056744
"366","TCR66-8","Symmetric_across","NLVPMVATV","NW",0.811390692640693
"367","TCR73-14","Symmetric_across","NLVPMVATV","WS",0.729477411477412
"368","TCR73-14","Symmetric_across","NLVPMVATV","NS",0.920498945498946
"369","TCR73-14","Symmetric_across","NLVPMVATV","NW",0.806216561216561
"370","TCR74-14","Symmetric_across","NLVPMVATV","WS",0.781771660609324
"371","TCR74-14","Symmetric_across","NLVPMVATV","NS",0.923333333333333
"372","TCR74-14","Symmetric_across","NLVPMVATV","NW",0.771326408519167
"373","TCR77-14","Symmetric_across","NLVPMVATV","WS",0.78482683982684
"374","TCR77-14","Symmetric_across","NLVPMVATV","NS",0.959367299367299
"375","TCR77-14","Symmetric_across","NLVPMVATV","NW",0.88556246993747
"376","TCR81-14","Symmetric_across","NLVPMVATV","WS",0.813354700854701
"377","TCR81-14","Symmetric_across","NLVPMVATV","NS",0.880548340548341
"378","TCR81-14","Symmetric_across","NLVPMVATV","NW",0.723352480852481
"379","TCR82-14","Symmetric_across","NLVPMVATV","WS",0.854102934102934
"380","TCR82-14","Symmetric_across","NLVPMVATV","NS",0.989995290423862
"381","TCR82-14","Symmetric_across","NLVPMVATV","NW",0.863558802308802
"382","TCR83-3","Symmetric_across","NLVPMVATV","WS",0.776285014005602
"383","TCR83-3","Symmetric_across","NLVPMVATV","NS",0.928098208980562
"384","TCR83-3","Symmetric_across","NLVPMVATV","NW",0.743080065359477
"385","TCR84-3","Symmetric_across","NLVPMVATV","WS",0.90011655011655
"386","TCR84-3","Symmetric_across","NLVPMVATV","NS",0.994742063492064
"387","TCR84-3","Symmetric_across","NLVPMVATV","NW",0.866042984792985
"388","A3-05","Symmetric_across","EVDPIGHLY","WS",0.621507936507937
"389","A3-05","Symmetric_across","EVDPIGHLY","NS",0.948933977455717
"390","A3-05","Symmetric_across","EVDPIGHLY","NW",0.924962893949851
"391","A3-10","Symmetric_across","EVDPIGHLY","WS",0.740857142857143
"392","A3-10","Symmetric_across","EVDPIGHLY","NS",0.967759864815491
"393","A3-10","Symmetric_across","EVDPIGHLY","NW",0.899602971623432
"394","TCR-1E6","Symmetric_across","ALWGPDPAAA","WS",0.768119658119658
"395","TCR-1E6","Symmetric_across","ALWGPDPAAA","NS",0.919758639198919
"396","TCR-1E6","Symmetric_across","ALWGPDPAAA","NW",0.826087099849885
"397","APN-TCR","Symmetric_across","APNCYGNIPL","WS",0.609496392496393
"398","APN-TCR","Symmetric_across","APNCYGNIPL","NS",0.903929184850237
"399","APN-TCR","Symmetric_across","APNCYGNIPL","NW",0.858745714568083
"400","EWW-TCR","Symmetric_across","EWWRSGGFSF","WS",0.792438672438672
"401","EWW-TCR","Symmetric_across","EWWRSGGFSF","NS",0.913106060606061
"402","EWW-TCR","Symmetric_across","EWWRSGGFSF","NW",0.750299422799423
"403","A3V","Symmetric_across","VVVGAVGVGK","WS",0.830808080808081
"404","A3V","Symmetric_across","VVVGAVGVGK","NS",0.977097356093351
"405","A3V","Symmetric_across","VVVGAVGVGK","NW",0.820154326032473
"406","A11Va","Symmetric_across","VVVGAVGVGK","WS",0.833996407632771
"407","A11Va","Symmetric_across","VVVGAVGVGK","NS",0.958971939008704
"408","A11Va","Symmetric_across","VVVGAVGVGK","NW",0.806750073393173
"409","A11Vb","Symmetric_across","VVVGAVGVGK","WS",0.708194444444445
"410","A11Vb","Symmetric_across","VVVGAVGVGK","NS",0.950561743038523
"411","A11Vb","Symmetric_across","VVVGAVGVGK","NW",0.880619775821014
"412","A11Vc","Symmetric_across","VVVGAVGVGK","WS",0.880348583877996
"413","A11Vc","Symmetric_across","VVVGAVGVGK","NS",0.973053787171434
"414","A11Vc","Symmetric_across","VVVGAVGVGK","NW",0.882884163766517
"415","TCR-1E6","Symmetric_within","ALWGPDPAAA","WS",0.709487179487179
"416","TCR-1E6","Symmetric_within","ALWGPDPAAA","NS",0.896433820126974
"417","TCR-1E6","Symmetric_within","ALWGPDPAAA","NW",0.804098250020289
"418","NLV2","Symmetric_within","NLVPMVATV","WS",0.736666666666667
"419","NLV2","Symmetric_within","NLVPMVATV","NS",0.920519140989729
"420","NLV2","Symmetric_within","NLVPMVATV","NW",0.807694677871148
"421","NLV3","Symmetric_within","NLVPMVATV","WS",0.519238095238095
"422","NLV3","Symmetric_within","NLVPMVATV","NS",0.855979020979021
"423","NLV3","Symmetric_within","NLVPMVATV","NW",0.86575262551069
"424","TCR1","Symmetric_within","NLVPMVATV","WS",0.760693904192356
"425","TCR1","Symmetric_within","NLVPMVATV","NS",0.915128923121898
"426","TCR1","Symmetric_within","NLVPMVATV","NW",0.738094147915576
"427","TCR2","Symmetric_within","NLVPMVATV","WS",0.904313725490196
"428","TCR2","Symmetric_within","NLVPMVATV","NS",0.914182045367167
"429","TCR2","Symmetric_within","NLVPMVATV","NW",0.470882352941176
"430","TCR3","Symmetric_within","NLVPMVATV","WS",0.63367513438942
"431","TCR3","Symmetric_within","NLVPMVATV","NS",0.814217118665648
"432","TCR3","Symmetric_within","NLVPMVATV","NW",0.757644804133775
"433","TCR1-4","Symmetric_within","NLVPMVATV","WS",0.834871794871795
"434","TCR1-4","Symmetric_within","NLVPMVATV","NS",0.963131868131868
"435","TCR1-4","Symmetric_within","NLVPMVATV","NW",0.806507693314012
"436","TCR2-4","Symmetric_within","NLVPMVATV","WS",0.816199666346725
"437","TCR2-4","Symmetric_within","NLVPMVATV","NS",0.974928774928775
"438","TCR2-4","Symmetric_within","NLVPMVATV","NW",0.870307996061673
"439","TCR3-4","Symmetric_within","NLVPMVATV","WS",0.913974358974359
"440","TCR3-4","Symmetric_within","NLVPMVATV","NS",0.994866071428572
"441","TCR3-4","Symmetric_within","NLVPMVATV","NW",0.874300748271337
"442","TCR4-4","Symmetric_within","NLVPMVATV","WS",0.776381072631073
"443","TCR4-4","Symmetric_within","NLVPMVATV","NS",0.986441336441336
"444","TCR4-4","Symmetric_within","NLVPMVATV","NW",0.910357559107559
"445","TCR5-2","Symmetric_within","NLVPMVATV","WS",0.868789439386866
"446","TCR5-2","Symmetric_within","NLVPMVATV","NS",0.996296296296296
"447","TCR5-2","Symmetric_within","NLVPMVATV","NW",0.880605158730159
"448","TCR6-2","Symmetric_within","NLVPMVATV","WS",0.820872275336044
"449","TCR6-2","Symmetric_within","NLVPMVATV","NS",0.903532608695652
"450","TCR6-2","Symmetric_within","NLVPMVATV","NW",0.609090909090909
"451","TCR10-4","Symmetric_within","NLVPMVATV","WS",0.871328671328671
"452","TCR10-4","Symmetric_within","NLVPMVATV","NS",0.975144855144855
"453","TCR10-4","Symmetric_within","NLVPMVATV","NW",0.792351190476191
"454","TCR11-4","Symmetric_within","NLVPMVATV","WS",0.843876678876679
"455","TCR11-4","Symmetric_within","NLVPMVATV","NS",0.956923076923077
"456","TCR11-4","Symmetric_within","NLVPMVATV","NW",0.860842490842491
"457","TCR51-10","Symmetric_within","NLVPMVATV","WS",0.838776223776224
"458","TCR51-10","Symmetric_within","NLVPMVATV","NS",0.983474372205022
"459","TCR51-10","Symmetric_within","NLVPMVATV","NW",0.878751475562621
"460","TCR52-10","Symmetric_within","NLVPMVATV","WS",0.774633595153461
"461","TCR52-10","Symmetric_within","NLVPMVATV","NS",0.942379349046016
"462","TCR52-10","Symmetric_within","NLVPMVATV","NW",0.836062234835455
"463","TCR54-10","Symmetric_within","NLVPMVATV","WS",0.833199310221369
"464","TCR54-10","Symmetric_within","NLVPMVATV","NS",0.969444444444444
"465","TCR54-10","Symmetric_within","NLVPMVATV","NW",0.846005510466295
"466","TCR65-8","Symmetric_within","NLVPMVATV","WS",0.865358758888171
"467","TCR65-8","Symmetric_within","NLVPMVATV","NS",0.978913308913309
"468","TCR65-8","Symmetric_within","NLVPMVATV","NW",0.808661208072973
"469","TCR66-8","Symmetric_within","NLVPMVATV","WS",0.916633892423366
"470","TCR66-8","Symmetric_within","NLVPMVATV","NS",0.974525014459225
"471","TCR66-8","Symmetric_within","NLVPMVATV","NW",0.802797619047619
"472","TCR73-14","Symmetric_within","NLVPMVATV","WS",0.7438778998779
"473","TCR73-14","Symmetric_within","NLVPMVATV","NS",0.936024531024531
"474","TCR73-14","Symmetric_within","NLVPMVATV","NW",0.807645132645133
"475","TCR74-14","Symmetric_within","NLVPMVATV","WS",0.792996664722334
"476","TCR74-14","Symmetric_within","NLVPMVATV","NS",0.914444444444444
"477","TCR74-14","Symmetric_within","NLVPMVATV","NW",0.792074004277531
"478","TCR77-14","Symmetric_within","NLVPMVATV","WS",0.825235181485181
"479","TCR77-14","Symmetric_within","NLVPMVATV","NS",0.978017815517816
"480","TCR77-14","Symmetric_within","NLVPMVATV","NW",0.864955403392903
"481","TCR81-14","Symmetric_within","NLVPMVATV","WS",0.783577533577534
"482","TCR81-14","Symmetric_within","NLVPMVATV","NS",0.909372294372294
"483","TCR81-14","Symmetric_within","NLVPMVATV","NW",0.693208458208458
"484","TCR82-14","Symmetric_within","NLVPMVATV","WS",0.832434093684094
"485","TCR82-14","Symmetric_within","NLVPMVATV","NS",0.993995290423862
"486","TCR82-14","Symmetric_within","NLVPMVATV","NW",0.873915945165945
"487","TCR83-3","Symmetric_within","NLVPMVATV","WS",0.798165266106443
"488","TCR83-3","Symmetric_within","NLVPMVATV","NS",0.963023088023088
"489","TCR83-3","Symmetric_within","NLVPMVATV","NW",0.798519013666073
"490","TCR84-3","Symmetric_within","NLVPMVATV","WS",0.91363566988567
"491","TCR84-3","Symmetric_within","NLVPMVATV","NS",0.991666666666667
"492","TCR84-3","Symmetric_within","NLVPMVATV","NW",0.887986550486551
"493","11A10","Symmetric_within","TPQDLNTML","WS",0.861803751803752
"494","11A10","Symmetric_within","TPQDLNTML","NS",0.991390831390831
"495","11A10","Symmetric_within","TPQDLNTML","NW",0.865735673937047
"496","12A11","Symmetric_within","TPQDLNTML","WS",0.818877551020408
"497","12A11","Symmetric_within","TPQDLNTML","NS",0.96998001998002
"498","12A11","Symmetric_within","TPQDLNTML","NW",0.844318839055681
"499","18A2","Symmetric_within","TPQDLNTML","WS",0.902544973544974
"500","18A2","Symmetric_within","TPQDLNTML","NS",0.969197994987469
"501","18A2","Symmetric_within","TPQDLNTML","NW",0.79427589807853
"502","7A10","Symmetric_within","TPQDLNTML","WS",0.763333333333333
"503","7A10","Symmetric_within","TPQDLNTML","NS",0.977509157509158
"504","7A10","Symmetric_within","TPQDLNTML","NW",0.907794464794465
"505","13A10","Symmetric_within","TPQDLNTML","WS",0.784666666666667
"506","13A10","Symmetric_within","TPQDLNTML","NS",0.970427350427351
"507","13A10","Symmetric_within","TPQDLNTML","NW",0.86019943019943
"508","14A4","Symmetric_within","TPQDLNTML","WS",0.844761904761905
"509","14A4","Symmetric_within","TPQDLNTML","NS",0.968712929582495
"510","14A4","Symmetric_within","TPQDLNTML","NW",0.804821265690831
"511","16A11","Symmetric_within","TPQDLNTML","WS",0.4
"512","16A11","Symmetric_within","TPQDLNTML","NS",0.885823754789272
"513","16A11","Symmetric_within","TPQDLNTML","NW",0.945828873442067
"514","14D7","Symmetric_within","TPQDLNTML","WS",0.0666666666666667
"515","14D7","Symmetric_within","TPQDLNTML","NS",0.913433908045977
"516","14D7","Symmetric_within","TPQDLNTML","NW",0.953719519704433
"517","NYE-S1","Symmetric_within","SLLMWITQC","WS",0.743153409090909
"518","NYE-S1","Symmetric_within","SLLMWITQC","NS",0.942009518259518
"519","NYE-S1","Symmetric_within","SLLMWITQC","NW",0.794209401709402
"520","NYE-S2","Symmetric_within","SLLMWITQC","WS",0.466111111111111
"521","NYE-S2","Symmetric_within","SLLMWITQC","NS",0.945500795500796
"522","NYE-S2","Symmetric_within","SLLMWITQC","NW",0.925373885373885
"523","NYE-S3","Symmetric_within","SLLMWITQC","WS",0.787414965986395
"524","NYE-S3","Symmetric_within","SLLMWITQC","NS",0.949395313681028
"525","NYE-S3","Symmetric_within","SLLMWITQC","NW",0.822676848517185
"526","c259","Symmetric_within","SLLMWITQC","WS",0.609126984126984
"527","c259","Symmetric_within","SLLMWITQC","NS",0.933845136345136
"528","c259","Symmetric_within","SLLMWITQC","NW",0.884137558997208
"529","868Z11","Symmetric_within","SLYNTVATL","WS",0.555059523809524
"530","868Z11","Symmetric_within","SLYNTVATL","NS",0.932898652882206
"531","868Z11","Symmetric_within","SLYNTVATL","NW",0.894152046783626
"532","TCR4","Symmetric_within","IMDQVPFSV","WS",0.720238095238095
"533","TCR4","Symmetric_within","IMDQVPFSV","NS",0.95169978276168
"534","TCR4","Symmetric_within","IMDQVPFSV","NW",0.818851859784394
"535","TCR5","Symmetric_within","IMDQVPFSV","WS",0.865318050027028
"536","TCR5","Symmetric_within","IMDQVPFSV","NS",0.926691788889931
"537","TCR5","Symmetric_within","IMDQVPFSV","NW",0.741161616161616
"538","TCR6","Symmetric_within","IMDQVPFSV","WS",0.834038461538462
"539","TCR6","Symmetric_within","IMDQVPFSV","NS",0.919871152239573
"540","TCR6","Symmetric_within","IMDQVPFSV","NW",0.675344611528822
"541","TCR7","Symmetric_within","GRLKALCQR","WS",0.689177489177489
"542","TCR7","Symmetric_within","GRLKALCQR","NS",0.924757466274896
"543","TCR7","Symmetric_within","GRLKALCQR","NW",0.774925137519123
"544","A6","Symmetric_within","LLFGYPVYV","WS",0.846531091457562
"545","A6","Symmetric_within","LLFGYPVYV","NS",0.93213649096002
"546","A6","Symmetric_within","LLFGYPVYV","NW",0.669134842430297
"547","B7","Symmetric_within","LLFGYPVYV","WS",0.786391774891775
"548","B7","Symmetric_within","LLFGYPVYV","NS",0.954545454545454
"549","B7","Symmetric_within","LLFGYPVYV","NW",0.745079994752722
"550","T1","Symmetric_within","ALYDKTKRI","WS",0.555555555555555
"551","T1","Symmetric_within","ALYDKTKRI","NS",0.967109226135595
"552","T1","Symmetric_within","ALYDKTKRI","NW",0.824116743471582
"553","FLT3DY","Symmetric_within","YIMSDSNYV","WS",0.763166666666667
"554","FLT3DY","Symmetric_within","YIMSDSNYV","NS",0.916690416753346
"555","FLT3DY","Symmetric_within","YIMSDSNYV","NW",0.873784296049742
"556","A23","Symmetric_within","SLFLGILSV","WS",0.709047619047619
"557","A23","Symmetric_within","SLFLGILSV","NS",0.968963201549408
"558","A23","Symmetric_within","SLFLGILSV","NW",0.943418522728868
"559","TCR1-T","Symmetric_within","FMNKFIYEI","WS",0.533375850340136
"560","TCR1-T","Symmetric_within","FMNKFIYEI","NS",0.970364840673111
"561","TCR1-T","Symmetric_within","FMNKFIYEI","NW",0.963244126800518
"562","TCR2-T","Symmetric_within","FMNKFIYEI","WS",0.563
"563","TCR2-T","Symmetric_within","FMNKFIYEI","NS",0.978441630832935
"564","TCR2-T","Symmetric_within","FMNKFIYEI","NW",0.957848914370654
"565","TCR3-T","Symmetric_within","FMNKFIYEI","WS",0.627248677248677
"566","TCR3-T","Symmetric_within","FMNKFIYEI","NS",0.982428571428571
"567","TCR3-T","Symmetric_within","FMNKFIYEI","NW",0.973243470996331
"568","47BE7","Symmetric_within","YGFRNVVHI","WS",0.820779761904762
"569","47BE7","Symmetric_within","YGFRNVVHI","NS",0.944784798534799
"570","47BE7","Symmetric_within","YGFRNVVHI","NW",0.8402665317139
"571","a3a","Symmetric_within","EVDPIGHLY","WS",0.837606837606838
"572","a3a","Symmetric_within","EVDPIGHLY","NS",0.983968253968254
"573","a3a","Symmetric_within","EVDPIGHLY","NW",0.921191493691494
"574","A3-05","Symmetric_within","EVDPIGHLY","WS",0.69531746031746
"575","A3-05","Symmetric_within","EVDPIGHLY","NS",0.97026731078905
"576","A3-05","Symmetric_within","EVDPIGHLY","NW",0.898245893719807
"577","A3-10","Symmetric_within","EVDPIGHLY","WS",0.665309523809524
"578","A3-10","Symmetric_within","EVDPIGHLY","NS",0.953542199488491
"579","A3-10","Symmetric_within","EVDPIGHLY","NW",0.921612471075387
"580","TIL1383I","Symmetric_within","YMDGTMSQV","WS",0.793059829059829
"581","TIL1383I","Symmetric_within","YMDGTMSQV","NS",0.841536796536796
"582","TIL1383I","Symmetric_within","YMDGTMSQV","NW",0.557558441558442
"583","R21","Symmetric_within","VPSVWRSSL","WS",0.859574175824176
"584","R21","Symmetric_within","VPSVWRSSL","NS",0.950619658119658
"585","R21","Symmetric_within","VPSVWRSSL","NW",0.769521825396825
"586","R23","Symmetric_within","VPSVWRSSL","WS",0.946296296296296
"587","R23","Symmetric_within","VPSVWRSSL","NS",1
"588","R23","Symmetric_within","VPSVWRSSL","NW",0.914444444444445
"589","R24","Symmetric_within","VPSVWRSSL","WS",0.731060606060606
"590","R24","Symmetric_within","VPSVWRSSL","NS",0.970881032547699
"591","R24","Symmetric_within","VPSVWRSSL","NW",0.90949494949495
"592","R25","Symmetric_within","VPSVWRSSL","WS",0.944305555555556
"593","R25","Symmetric_within","VPSVWRSSL","NS",0.985979166666667
"594","R25","Symmetric_within","VPSVWRSSL","NW",0.867301587301587
"595","R26","Symmetric_within","VPSVWRSSL","WS",0.907457161885733
"596","R26","Symmetric_within","VPSVWRSSL","NS",0.969588214815488
"597","R26","Symmetric_within","VPSVWRSSL","NW",0.733614718614719
"598","R27","Symmetric_within","VPSVWRSSL","WS",0.871290382819795
"599","R27","Symmetric_within","VPSVWRSSL","NS",0.985098039215686
"600","R27","Symmetric_within","VPSVWRSSL","NW",0.802904761904762
"601","R28","Symmetric_within","VPSVWRSSL","WS",0.955555555555555
"602","R28","Symmetric_within","VPSVWRSSL","NS",0.970982938629997
"603","R28","Symmetric_within","VPSVWRSSL","NW",0.760090930311519
"604","APN-TCR","Symmetric_within","APNCYGNIPL","WS",0.602700937950938
"605","APN-TCR","Symmetric_within","APNCYGNIPL","NS",0.881526149289307
"606","APN-TCR","Symmetric_within","APNCYGNIPL","NW",0.832201913279216
"607","EWW-TCR","Symmetric_within","EWWRSGGFSF","WS",0.757460317460318
"608","EWW-TCR","Symmetric_within","EWWRSGGFSF","NS",0.911031746031746
"609","EWW-TCR","Symmetric_within","EWWRSGGFSF","NW",0.759280357689448
"610","A3V","Symmetric_within","VVVGAVGVGK","WS",0.82525974025974
"611","A3V","Symmetric_within","VVVGAVGVGK","NS",0.974894128643414
"612","A3V","Symmetric_within","VVVGAVGVGK","NW",0.816966328865642
"613","A11Va","Symmetric_within","VVVGAVGVGK","WS",0.83236876759604
"614","A11Va","Symmetric_within","VVVGAVGVGK","NS",0.95882933651316
"615","A11Va","Symmetric_within","VVVGAVGVGK","NW",0.800543988439916
"616","A11Vb","Symmetric_within","VVVGAVGVGK","WS",0.717361111111111
"617","A11Vb","Symmetric_within","VVVGAVGVGK","NS",0.950593640965158
"618","A11Vb","Symmetric_within","VVVGAVGVGK","NW",0.894009868700271
"619","A11Vc","Symmetric_within","VVVGAVGVGK","WS",0.878001584472173
"620","A11Vc","Symmetric_within","VVVGAVGVGK","NS",0.972125880655292
"621","A11Vc","Symmetric_within","VVVGAVGVGK","NW",0.86691922407163
"622","NLV2","Full_across","NLVPMVATV","WS",0.76
"623","NLV2","Full_across","NLVPMVATV","NS",0.940603174603175
"624","NLV2","Full_across","NLVPMVATV","NW",0.752709243697479
"625","NLV3","Full_across","NLVPMVATV","WS",0.547238095238095
"626","NLV3","Full_across","NLVPMVATV","NS",0.920024975024975
"627","NLV3","Full_across","NLVPMVATV","NW",0.898096410757701
"628","11A10","Full_across","TPQDLNTML","WS",0.867604617604618
"629","11A10","Full_across","TPQDLNTML","NS",0.979191919191919
"630","11A10","Full_across","TPQDLNTML","NW",0.850004023436518
"631","12A11","Full_across","TPQDLNTML","WS",0.816836734693877
"632","12A11","Full_across","TPQDLNTML","NS",0.975241425241425
"633","12A11","Full_across","TPQDLNTML","NW",0.815035403193298
"634","18A2","Full_across","TPQDLNTML","WS",0.8824708994709
"635","18A2","Full_across","TPQDLNTML","NS",0.951854636591479
"636","18A2","Full_across","TPQDLNTML","NW",0.733064536340852
"637","7A10","Full_across","TPQDLNTML","WS",0.751666666666667
"638","7A10","Full_across","TPQDLNTML","NS",0.988571428571429
"639","7A10","Full_across","TPQDLNTML","NW",0.911873219373219
"640","13A10","Full_across","TPQDLNTML","WS",0.690666666666667
"641","13A10","Full_across","TPQDLNTML","NS",0.949116809116809
"642","13A10","Full_across","TPQDLNTML","NW",0.875128205128205
"643","14A4","Full_across","TPQDLNTML","WS",0.790952380952381
"644","14A4","Full_across","TPQDLNTML","NS",0.944806160023551
"645","14A4","Full_across","TPQDLNTML","NW",0.786392158566072
"646","16A11","Full_across","TPQDLNTML","WS",0.433333333333333
"647","16A11","Full_across","TPQDLNTML","NS",0.891570881226054
"648","16A11","Full_across","TPQDLNTML","NW",0.919525388820741
"649","14D7","Full_across","TPQDLNTML","WS",0.366666666666667
"650","14D7","Full_across","TPQDLNTML","NS",0.89367816091954
"651","14D7","Full_across","TPQDLNTML","NW",0.930723898467433
"652","NYE-S1","Full_across","SLLMWITQC","WS",0.724534770784771
"653","NYE-S1","Full_across","SLLMWITQC","NS",0.953807303807304
"654","NYE-S1","Full_across","SLLMWITQC","NW",0.827029914529914
"655","NYE-S2","Full_across","SLLMWITQC","WS",0.445
"656","NYE-S2","Full_across","SLLMWITQC","NS",0.93553576053576
"657","NYE-S2","Full_across","SLLMWITQC","NW",0.931592687148243
"658","NYE-S3","Full_across","SLLMWITQC","WS",0.757397959183673
"659","NYE-S3","Full_across","SLLMWITQC","NS",0.945294784580499
"660","NYE-S3","Full_across","SLLMWITQC","NW",0.849153550309013
"661","868Z11","Full_across","SLYNTVATL","WS",0.684151785714286
"662","868Z11","Full_across","SLYNTVATL","NS",0.915674603174603
"663","868Z11","Full_across","SLYNTVATL","NW",0.903296932808211
"664","TCR1","Full_across","NLVPMVATV","WS",0.747296030422965
"665","TCR1","Full_across","NLVPMVATV","NS",0.932080703314926
"666","TCR1","Full_across","NLVPMVATV","NW",0.760685395953253
"667","TCR2","Full_across","NLVPMVATV","WS",0.89843137254902
"668","TCR2","Full_across","NLVPMVATV","NS",0.910367550941946
"669","TCR2","Full_across","NLVPMVATV","NW",0.51656862745098
"670","TCR3","Full_across","NLVPMVATV","WS",0.700172228565086
"671","TCR3","Full_across","NLVPMVATV","NS",0.850241914947797
"672","TCR3","Full_across","NLVPMVATV","NW",0.759901138485697
"673","TCR4","Full_across","IMDQVPFSV","WS",0.736666666666667
"674","TCR4","Full_across","IMDQVPFSV","NS",0.954967455047986
"675","TCR4","Full_across","IMDQVPFSV","NW",0.82040065681445
"676","TCR5","Full_across","IMDQVPFSV","WS",0.87116105623536
"677","TCR5","Full_across","IMDQVPFSV","NS",0.933770001355141
"678","TCR5","Full_across","IMDQVPFSV","NW",0.69540404040404
"679","TCR6","Full_across","IMDQVPFSV","WS",0.824679487179487
"680","TCR6","Full_across","IMDQVPFSV","NS",0.913027440395861
"681","TCR6","Full_across","IMDQVPFSV","NW",0.7182261208577
"682","TCR7","Full_across","GRLKALCQR","WS",0.800092764378479
"683","TCR7","Full_across","GRLKALCQR","NS",0.942815302719609
"684","TCR7","Full_across","GRLKALCQR","NW",0.765236793281906
"685","A6","Full_across","LLFGYPVYV","WS",0.774734848484848
"686","A6","Full_across","LLFGYPVYV","NS",0.907773109243698
"687","A6","Full_across","LLFGYPVYV","NW",0.734241482670627
"688","B7","Full_across","LLFGYPVYV","WS",0.784652236652237
"689","B7","Full_across","LLFGYPVYV","NS",0.937272727272727
"690","B7","Full_across","LLFGYPVYV","NW",0.750772674799948
"691","T1","Full_across","ALYDKTKRI","WS",0.5
"692","T1","Full_across","ALYDKTKRI","NS",0.986399029224391
"693","T1","Full_across","ALYDKTKRI","NW",0.835637480798771
"694","FLT3DY","Full_across","YIMSDSNYV","WS",0.713666666666667
"695","FLT3DY","Full_across","YIMSDSNYV","NS",0.951947333749393
"696","FLT3DY","Full_across","YIMSDSNYV","NW",0.886701511684349
"697","A23","Full_across","SLFLGILSV","WS",0.657619047619048
"698","A23","Full_across","SLFLGILSV","NS",0.962938823628479
"699","A23","Full_across","SLFLGILSV","NW",0.93836034973966
"700","c259","Full_across","SLLMWITQC","WS",0.623015873015873
"701","c259","Full_across","SLLMWITQC","NS",0.934494980328314
"702","c259","Full_across","SLLMWITQC","NW",0.89908556801038
"703","TCR1-T","Full_across","FMNKFIYEI","WS",0.434931972789116
"704","TCR1-T","Full_across","FMNKFIYEI","NS",0.917732187611887
"705","TCR1-T","Full_across","FMNKFIYEI","NW",0.959045053108963
"706","TCR2-T","Full_across","FMNKFIYEI","WS",0.586333333333333
"707","TCR2-T","Full_across","FMNKFIYEI","NS",0.950953973562669
"708","TCR2-T","Full_across","FMNKFIYEI","NW",0.938391463608855
"709","TCR3-T","Full_across","FMNKFIYEI","WS",0.765343915343915
"710","TCR3-T","Full_across","FMNKFIYEI","NS",0.989592677345538
"711","TCR3-T","Full_across","FMNKFIYEI","NW",0.925739856888598
"712","47BE7","Full_across","YGFRNVVHI","WS",0.824353174603175
"713","47BE7","Full_across","YGFRNVVHI","NS",0.946522395732922
"714","47BE7","Full_across","YGFRNVVHI","NW",0.844089068825911
"715","a3a","Full_across","EVDPIGHLY","WS",0.847765567765568
"716","a3a","Full_across","EVDPIGHLY","NS",0.988128815628816
"717","a3a","Full_across","EVDPIGHLY","NW",0.911292056708723
"718","TIL1383I","Full_across","YMDGTMSQV","WS",0.836683760683761
"719","TIL1383I","Full_across","YMDGTMSQV","NS",0.901381951381951
"720","TIL1383I","Full_across","YMDGTMSQV","NW",0.639056277056277
"721","R21","Full_across","VPSVWRSSL","WS",0.820938644688645
"722","R21","Full_across","VPSVWRSSL","NS",0.951752136752137
"723","R21","Full_across","VPSVWRSSL","NW",0.799287698412698
"724","R23","Full_across","VPSVWRSSL","WS",0.943856209150327
"725","R23","Full_across","VPSVWRSSL","NS",1
"726","R23","Full_across","VPSVWRSSL","NW",0.845555555555556
"727","R24","Full_across","VPSVWRSSL","WS",0.745631313131313
"728","R24","Full_across","VPSVWRSSL","NS",0.975819304152638
"729","R24","Full_across","VPSVWRSSL","NW",0.897171717171717
"730","R25","Full_across","VPSVWRSSL","WS",0.952619047619048
"731","R25","Full_across","VPSVWRSSL","NS",0.980430555555556
"732","R25","Full_across","VPSVWRSSL","NW",0.874126984126984
"733","R26","Full_across","VPSVWRSSL","WS",0.922308976737548
"734","R26","Full_across","VPSVWRSSL","NS",0.986680592135137
"735","R26","Full_across","VPSVWRSSL","NW",0.758330241187384
"736","R27","Full_across","VPSVWRSSL","WS",0.917968253968254
"737","R27","Full_across","VPSVWRSSL","NS",0.980653594771242
"738","R27","Full_across","VPSVWRSSL","NW",0.844714285714286
"739","R28","Full_across","VPSVWRSSL","WS",0.925396825396825
"740","R28","Full_across","VPSVWRSSL","NS",0.970982938629997
"741","R28","Full_across","VPSVWRSSL","NW",0.759243166963755
"742","TCR1-4","Full_across","NLVPMVATV","WS",0.805457875457875
"743","TCR1-4","Full_across","NLVPMVATV","NS",0.951562702003878
"744","TCR1-4","Full_across","NLVPMVATV","NW",0.786880320175407
"745","TCR2-4","Full_across","NLVPMVATV","WS",0.786542689336807
"746","TCR2-4","Full_across","NLVPMVATV","NS",0.970299145299145
"747","TCR2-4","Full_across","NLVPMVATV","NW",0.879703578012402
"748","TCR3-4","Full_across","NLVPMVATV","WS",0.921593406593407
"749","TCR3-4","Full_across","NLVPMVATV","NS",0.9984375
"750","TCR3-4","Full_across","NLVPMVATV","NW",0.867601075395193
"751","TCR4-4","Full_across","NLVPMVATV","WS",0.775043891293891
"752","TCR4-4","Full_across","NLVPMVATV","NS",0.991849816849817
"753","TCR4-4","Full_across","NLVPMVATV","NW",0.928430735930736
"754","TCR5-2","Full_across","NLVPMVATV","WS",0.856358640678494
"755","TCR5-2","Full_across","NLVPMVATV","NS",0.989237472766884
"756","TCR5-2","Full_across","NLVPMVATV","NW",0.857222222222222
"757","TCR6-2","Full_across","NLVPMVATV","WS",0.818451144668536
"758","TCR6-2","Full_across","NLVPMVATV","NS",0.89945652173913
"759","TCR6-2","Full_across","NLVPMVATV","NW",0.659090909090909
"760","TCR10-4","Full_across","NLVPMVATV","WS",0.856037712287712
"761","TCR10-4","Full_across","NLVPMVATV","NS",0.978296703296703
"762","TCR10-4","Full_across","NLVPMVATV","NW",0.798692765567766
"763","TCR11-4","Full_across","NLVPMVATV","WS",0.823608058608059
"764","TCR11-4","Full_across","NLVPMVATV","NS",0.96529304029304
"765","TCR11-4","Full_across","NLVPMVATV","NW",0.850201465201465
"766","TCR51-10","Full_across","NLVPMVATV","WS",0.842816072816073
"767","TCR51-10","Full_across","NLVPMVATV","NS",0.984640522875817
"768","TCR51-10","Full_across","NLVPMVATV","NW",0.90339087331657
"769","TCR52-10","Full_across","NLVPMVATV","WS",0.749398004815962
"770","TCR52-10","Full_across","NLVPMVATV","NS",0.952014590347924
"771","TCR52-10","Full_across","NLVPMVATV","NW",0.877419451654488
"772","TCR54-10","Full_across","NLVPMVATV","WS",0.78953558016058
"773","TCR54-10","Full_across","NLVPMVATV","NS",0.961744428411095
"774","TCR54-10","Full_across","NLVPMVATV","NW",0.850296172600094
"775","TCR65-8","Full_across","NLVPMVATV","WS",0.878355957767723
"776","TCR65-8","Full_across","NLVPMVATV","NS",0.975197802197802
"777","TCR65-8","Full_across","NLVPMVATV","NW",0.823684550743374
"778","TCR66-8","Full_across","NLVPMVATV","WS",0.913589261615578
"779","TCR66-8","Full_across","NLVPMVATV","NS",0.98056551635499
"780","TCR66-8","Full_across","NLVPMVATV","NW",0.826536796536796
"781","TCR73-14","Full_across","NLVPMVATV","WS",0.748034188034188
"782","TCR73-14","Full_across","NLVPMVATV","NS",0.944208014208014
"783","TCR73-14","Full_across","NLVPMVATV","NW",0.836021201021201
"784","TCR74-14","Full_across","NLVPMVATV","WS",0.805896038049087
"785","TCR74-14","Full_across","NLVPMVATV","NS",0.923333333333333
"786","TCR74-14","Full_across","NLVPMVATV","NW",0.785616353330043
"787","TCR77-14","Full_across","NLVPMVATV","WS",0.781128454878455
"788","TCR77-14","Full_across","NLVPMVATV","NS",0.96480352980353
"789","TCR77-14","Full_across","NLVPMVATV","NW",0.896466010841011
"790","TCR81-14","Full_across","NLVPMVATV","WS",0.809897741147741
"791","TCR81-14","Full_across","NLVPMVATV","NS",0.896450216450216
"792","TCR81-14","Full_across","NLVPMVATV","NW",0.742670662670663
"793","TCR82-14","Full_across","NLVPMVATV","WS",0.834006919006919
"794","TCR82-14","Full_across","NLVPMVATV","NS",0.987954474097331
"795","TCR82-14","Full_across","NLVPMVATV","NW",0.87455266955267
"796","TCR83-3","Full_across","NLVPMVATV","WS",0.779332399626517
"797","TCR83-3","Full_across","NLVPMVATV","NS",0.926402682285035
"798","TCR83-3","Full_across","NLVPMVATV","NW",0.77500408496732
"799","TCR84-3","Full_across","NLVPMVATV","WS",0.899443611943612
"800","TCR84-3","Full_across","NLVPMVATV","NS",0.99375
"801","TCR84-3","Full_across","NLVPMVATV","NW",0.88395794020794
"802","A3-05","Full_across","EVDPIGHLY","WS",0.655714285714286
"803","A3-05","Full_across","EVDPIGHLY","NS",0.950890499194847
"804","A3-05","Full_across","EVDPIGHLY","NW",0.906442512077295
"805","A3-10","Full_across","EVDPIGHLY","WS",0.74777380952381
"806","A3-10","Full_across","EVDPIGHLY","NS",0.961502862014371
"807","A3-10","Full_across","EVDPIGHLY","NW",0.910906101571063
"808","TCR-1E6","Full_across","ALWGPDPAAA","WS",0.758119658119658
"809","TCR-1E6","Full_across","ALWGPDPAAA","NS",0.901697299498399
"810","TCR-1E6","Full_across","ALWGPDPAAA","NW",0.824338799261338
"811","APN-TCR","Full_across","APNCYGNIPL","WS",0.621239177489177
"812","APN-TCR","Full_across","APNCYGNIPL","NS",0.913021057889479
"813","APN-TCR","Full_across","APNCYGNIPL","NW",0.865110213555937
"814","EWW-TCR","Full_across","EWWRSGGFSF","WS",0.814444444444444
"815","EWW-TCR","Full_across","EWWRSGGFSF","NS",0.915873015873016
"816","EWW-TCR","Full_across","EWWRSGGFSF","NW",0.761972976518431
"817","A3V","Full_across","VVVGAVGVGK","WS",0.839379509379509
"818","A3V","Full_across","VVVGAVGVGK","NS",0.971307299732643
"819","A3V","Full_across","VVVGAVGVGK","NW",0.813702462678435
"820","A11Va","Full_across","VVVGAVGVGK","WS",0.84685150707878
"821","A11Va","Full_across","VVVGAVGVGK","NS",0.957839288978995
"822","A11Va","Full_across","VVVGAVGVGK","NW",0.800683336585486
"823","A11Vb","Full_across","VVVGAVGVGK","WS",0.705694444444445
"824","A11Vb","Full_across","VVVGAVGVGK","NS",0.949385272450288
"825","A11Vb","Full_across","VVVGAVGVGK","NW",0.887638492398554
"826","A11Vc","Full_across","VVVGAVGVGK","WS",0.87944642503466
"827","A11Vc","Full_across","VVVGAVGVGK","NS",0.97319539937187
"828","A11Vc","Full_across","VVVGAVGVGK","NW",0.872568707617727
"829","TCR-1E6","Full_within","ALWGPDPAAA","WS",0.676894586894587
"830","TCR-1E6","Full_within","ALWGPDPAAA","NS",0.881661576619098
"831","TCR-1E6","Full_within","ALWGPDPAAA","NW",0.821967353929873
"832","NLV2","Full_within","NLVPMVATV","WS",0.69
"833","NLV2","Full_within","NLVPMVATV","NS",0.849738562091503
"834","NLV2","Full_within","NLVPMVATV","NW",0.73484537815126
"835","NLV3","Full_within","NLVPMVATV","WS",0.478571428571429
"836","NLV3","Full_within","NLVPMVATV","NS",0.898736263736264
"837","NLV3","Full_within","NLVPMVATV","NW",0.878490926636088
"838","TCR1","Full_within","NLVPMVATV","WS",0.774190755924502
"839","TCR1","Full_within","NLVPMVATV","NS",0.914160628783158
"840","TCR1","Full_within","NLVPMVATV","NW",0.743687314669457
"841","TCR2","Full_within","NLVPMVATV","WS",0.888063725490196
"842","TCR2","Full_within","NLVPMVATV","NS",0.898486415481225
"843","TCR2","Full_within","NLVPMVATV","NW",0.44421568627451
"844","TCR3","Full_within","NLVPMVATV","WS",0.67519375465804
"845","TCR3","Full_within","NLVPMVATV","NS",0.77200346222405
"846","TCR3","Full_within","NLVPMVATV","NW",0.68174892305407
"847","TCR1-4","Full_within","NLVPMVATV","WS",0.846410256410256
"848","TCR1-4","Full_within","NLVPMVATV","NS",0.975989010989011
"849","TCR1-4","Full_within","NLVPMVATV","NW",0.826629943397477
"850","TCR2-4","Full_within","NLVPMVATV","WS",0.821343640020111
"851","TCR2-4","Full_within","NLVPMVATV","NS",0.976359751359751
"852","TCR2-4","Full_within","NLVPMVATV","NW",0.89481334841629
"853","TCR3-4","Full_within","NLVPMVATV","WS",0.905444555444556
"854","TCR3-4","Full_within","NLVPMVATV","NS",0.996875
"855","TCR3-4","Full_within","NLVPMVATV","NW",0.883989295018707
"856","TCR4-4","Full_within","NLVPMVATV","WS",0.776161616161616
"857","TCR4-4","Full_within","NLVPMVATV","NS",0.996153846153846
"858","TCR4-4","Full_within","NLVPMVATV","NW",0.936528471528472
"859","TCR5-2","Full_within","NLVPMVATV","WS",0.876707273187053
"860","TCR5-2","Full_within","NLVPMVATV","NS",0.996296296296296
"861","TCR5-2","Full_within","NLVPMVATV","NW",0.897539682539683
"862","TCR6-2","Full_within","NLVPMVATV","WS",0.849269927067029
"863","TCR6-2","Full_within","NLVPMVATV","NS",0.925271739130435
"864","TCR6-2","Full_within","NLVPMVATV","NW",0.540909090909091
"865","TCR10-4","Full_within","NLVPMVATV","WS",0.887337662337662
"866","TCR10-4","Full_within","NLVPMVATV","NS",0.981639194139194
"867","TCR10-4","Full_within","NLVPMVATV","NW",0.804243360805861
"868","TCR11-4","Full_within","NLVPMVATV","WS",0.858095238095238
"869","TCR11-4","Full_within","NLVPMVATV","NS",0.978864468864469
"870","TCR11-4","Full_within","NLVPMVATV","NW",0.891689560439561
"871","TCR51-10","Full_within","NLVPMVATV","WS",0.820842490842491
"872","TCR51-10","Full_within","NLVPMVATV","NS",0.9803130374957
"873","TCR51-10","Full_within","NLVPMVATV","NW",0.881313522390922
"874","TCR52-10","Full_within","NLVPMVATV","WS",0.786670154416542
"875","TCR52-10","Full_within","NLVPMVATV","NS",0.951408529741863
"876","TCR52-10","Full_within","NLVPMVATV","NW",0.860647196943636
"877","TCR54-10","Full_within","NLVPMVATV","WS",0.834550983693141
"878","TCR54-10","Full_within","NLVPMVATV","NS",0.980952380952381
"879","TCR54-10","Full_within","NLVPMVATV","NW",0.878215303215303
"880","TCR65-8","Full_within","NLVPMVATV","WS",0.835046326222797
"881","TCR65-8","Full_within","NLVPMVATV","NS",0.968868742368742
"882","TCR65-8","Full_within","NLVPMVATV","NW",0.823490267902033
"883","TCR66-8","Full_within","NLVPMVATV","WS",0.914589598997494
"884","TCR66-8","Full_within","NLVPMVATV","NS",0.976471949103528
"885","TCR66-8","Full_within","NLVPMVATV","NW",0.829431818181818
"886","TCR73-14","Full_within","NLVPMVATV","WS",0.73960927960928
"887","TCR73-14","Full_within","NLVPMVATV","NS",0.946867576867577
"888","TCR73-14","Full_within","NLVPMVATV","NW",0.862123987123987
"889","TCR74-14","Full_within","NLVPMVATV","WS",0.811645765094749
"890","TCR74-14","Full_within","NLVPMVATV","NS",0.936388888888889
"891","TCR74-14","Full_within","NLVPMVATV","NW",0.797421890190096
"892","TCR77-14","Full_within","NLVPMVATV","WS",0.832240675990676
"893","TCR77-14","Full_within","NLVPMVATV","NS",0.9748334998335
"894","TCR77-14","Full_within","NLVPMVATV","NW",0.880600845913346
"895","TCR81-14","Full_within","NLVPMVATV","WS",0.727556471306471
"896","TCR81-14","Full_within","NLVPMVATV","NS",0.831493506493506
"897","TCR81-14","Full_within","NLVPMVATV","NW",0.700537795537796
"898","TCR82-14","Full_within","NLVPMVATV","WS",0.847693833943834
"899","TCR82-14","Full_within","NLVPMVATV","NS",0.995918367346939
"900","TCR82-14","Full_within","NLVPMVATV","NW",0.901488095238095
"901","TCR83-3","Full_within","NLVPMVATV","WS",0.824761904761905
"902","TCR83-3","Full_within","NLVPMVATV","NS",0.962953823953824
"903","TCR83-3","Full_within","NLVPMVATV","NW",0.799684343434343
"904","TCR84-3","Full_within","NLVPMVATV","WS",0.902995615495615
"905","TCR84-3","Full_within","NLVPMVATV","NS",0.9875
"906","TCR84-3","Full_within","NLVPMVATV","NW",0.893175111925112
"907","11A10","Full_within","TPQDLNTML","WS",0.831356421356421
"908","11A10","Full_within","TPQDLNTML","NS",0.989277389277389
"909","11A10","Full_within","TPQDLNTML","NW",0.923066027793716
"910","12A11","Full_within","TPQDLNTML","WS",0.747448979591837
"911","12A11","Full_within","TPQDLNTML","NS",0.968731268731269
"912","12A11","Full_within","TPQDLNTML","NW",0.918743975322923
"913","18A2","Full_within","TPQDLNTML","WS",0.89347619047619
"914","18A2","Full_within","TPQDLNTML","NS",0.963567251461988
"915","18A2","Full_within","TPQDLNTML","NW",0.819707602339181
"916","7A10","Full_within","TPQDLNTML","WS",0.766666666666667
"917","7A10","Full_within","TPQDLNTML","NS",0.971501831501832
"918","7A10","Full_within","TPQDLNTML","NW",0.915149776149776
"919","13A10","Full_within","TPQDLNTML","WS",0.762666666666667
"920","13A10","Full_within","TPQDLNTML","NS",0.952763532763533
"921","13A10","Full_within","TPQDLNTML","NW",0.863468660968661
"922","14A4","Full_within","TPQDLNTML","WS",0.905714285714286
"923","14A4","Full_within","TPQDLNTML","NS",0.985229625447017
"924","14A4","Full_within","TPQDLNTML","NW",0.851964557181949
"925","16A11","Full_within","TPQDLNTML","WS",0.522222222222222
"926","16A11","Full_within","TPQDLNTML","NS",0.960536398467433
"927","16A11","Full_within","TPQDLNTML","NW",0.969382096830373
"928","14D7","Full_within","TPQDLNTML","WS",0.716666666666667
"929","14D7","Full_within","TPQDLNTML","NS",1
"930","14D7","Full_within","TPQDLNTML","NW",0.961136254789272
"931","NYE-S1","Full_within","SLLMWITQC","WS",0.756896124708625
"932","NYE-S1","Full_within","SLLMWITQC","NS",0.946820124320124
"933","NYE-S1","Full_within","SLLMWITQC","NW",0.79534188034188
"934","NYE-S2","Full_within","SLLMWITQC","WS",0.511111111111111
"935","NYE-S2","Full_within","SLLMWITQC","NS",0.943086543086543
"936","NYE-S2","Full_within","SLLMWITQC","NW",0.931505408172075
"937","NYE-S3","Full_within","SLLMWITQC","WS",0.777125850340136
"938","NYE-S3","Full_within","SLLMWITQC","NS",0.951606198034769
"939","NYE-S3","Full_within","SLLMWITQC","NW",0.810054021608643
"940","c259","Full_within","SLLMWITQC","WS",0.704861111111111
"941","c259","Full_within","SLLMWITQC","NS",0.958071665988333
"942","c259","Full_within","SLLMWITQC","NW",0.884626603137881
"943","868Z11","Full_within","SLYNTVATL","WS",0.533110119047619
"944","868Z11","Full_within","SLYNTVATL","NS",0.892596073517126
"945","868Z11","Full_within","SLYNTVATL","NW",0.870233246807495
"946","TCR4","Full_within","IMDQVPFSV","WS",0.756190476190476
"947","TCR4","Full_within","IMDQVPFSV","NS",0.94860667625371
"948","TCR4","Full_within","IMDQVPFSV","NW",0.819413626520073
"949","TCR5","Full_within","IMDQVPFSV","WS",0.8711428899045
"950","TCR5","Full_within","IMDQVPFSV","NS",0.931224995048525
"951","TCR5","Full_within","IMDQVPFSV","NW",0.747525252525253
"952","TCR6","Full_within","IMDQVPFSV","WS",0.851965811965812
"953","TCR6","Full_within","IMDQVPFSV","NS",0.924572006940428
"954","TCR6","Full_within","IMDQVPFSV","NW",0.700642230576441
"955","TCR7","Full_within","GRLKALCQR","WS",0.666450216450216
"956","TCR7","Full_within","GRLKALCQR","NS",0.921755125712747
"957","TCR7","Full_within","GRLKALCQR","NW",0.786325065911532
"958","A6","Full_within","LLFGYPVYV","WS",0.841146990264637
"959","A6","Full_within","LLFGYPVYV","NS",0.943067226890756
"960","A6","Full_within","LLFGYPVYV","NW",0.707190225104664
"961","B7","Full_within","LLFGYPVYV","WS",0.803937950937951
"962","B7","Full_within","LLFGYPVYV","NS",0.982323232323232
"963","B7","Full_within","LLFGYPVYV","NW",0.751530683457956
"964","T1","Full_within","ALYDKTKRI","WS",0.555555555555555
"965","T1","Full_within","ALYDKTKRI","NS",0.966663593337021
"966","T1","Full_within","ALYDKTKRI","NW",0.819764464925755
"967","FLT3DY","Full_within","YIMSDSNYV","WS",0.754166666666667
"968","FLT3DY","Full_within","YIMSDSNYV","NS",0.911077768532002
"969","FLT3DY","Full_within","YIMSDSNYV","NW",0.867120441639893
"970","A23","Full_within","SLFLGILSV","WS",0.718571428571429
"971","A23","Full_within","SLFLGILSV","NS",0.974548790928101
"972","A23","Full_within","SLFLGILSV","NW",0.94164035198518
"973","TCR1-T","Full_within","FMNKFIYEI","WS",0.654438775510204
"974","TCR1-T","Full_within","FMNKFIYEI","NS",0.998
"975","TCR1-T","Full_within","FMNKFIYEI","NW",0.993995290423862
"976","TCR2-T","Full_within","FMNKFIYEI","WS",0.636666666666667
"977","TCR2-T","Full_within","FMNKFIYEI","NS",0.996153846153846
"978","TCR2-T","Full_within","FMNKFIYEI","NW",0.982161172161172
"979","TCR3-T","Full_within","FMNKFIYEI","WS",0.623544973544974
"980","TCR3-T","Full_within","FMNKFIYEI","NS",0.988
"981","TCR3-T","Full_within","FMNKFIYEI","NW",0.989863390359958
"982","47BE7","Full_within","YGFRNVVHI","WS",0.823005952380952
"983","47BE7","Full_within","YGFRNVVHI","NS",0.942432362958679
"984","47BE7","Full_within","YGFRNVVHI","NW",0.84886302294197
"985","a3a","Full_within","EVDPIGHLY","WS",0.808156288156288
"986","a3a","Full_within","EVDPIGHLY","NS",0.9701221001221
"987","a3a","Full_within","EVDPIGHLY","NW",0.925342897842898
"988","A3-05","Full_within","EVDPIGHLY","WS",0.74
"989","A3-05","Full_within","EVDPIGHLY","NS",0.980855072463768
"990","A3-05","Full_within","EVDPIGHLY","NW",0.919472509776858
"991","A3-10","Full_within","EVDPIGHLY","WS",0.654785714285714
"992","A3-10","Full_within","EVDPIGHLY","NS",0.966153483132383
"993","A3-10","Full_within","EVDPIGHLY","NW",0.930331262939958
"994","TIL1383I","Full_within","YMDGTMSQV","WS",0.783025641025641
"995","TIL1383I","Full_within","YMDGTMSQV","NS",0.865239205239205
"996","TIL1383I","Full_within","YMDGTMSQV","NW",0.603298701298701
"997","R21","Full_within","VPSVWRSSL","WS",0.856588827838828
"998","R21","Full_within","VPSVWRSSL","NS",0.953354700854701
"999","R21","Full_within","VPSVWRSSL","NW",0.788771825396825
"1000","R23","Full_within","VPSVWRSSL","WS",0.946296296296296
"1001","R23","Full_within","VPSVWRSSL","NS",1
"1002","R23","Full_within","VPSVWRSSL","NW",0.893333333333333
"1003","R24","Full_within","VPSVWRSSL","WS",0.722171717171717
"1004","R24","Full_within","VPSVWRSSL","NS",0.974017957351291
"1005","R24","Full_within","VPSVWRSSL","NW",0.908282828282828
"1006","R25","Full_within","VPSVWRSSL","WS",0.945138888888889
"1007","R25","Full_within","VPSVWRSSL","NS",0.985979166666667
"1008","R25","Full_within","VPSVWRSSL","NW",0.883730158730159
"1009","R26","Full_within","VPSVWRSSL","WS",0.918174718139004
"1010","R26","Full_within","VPSVWRSSL","NS",0.973438909575273
"1011","R26","Full_within","VPSVWRSSL","NW",0.714533085961657
"1012","R27","Full_within","VPSVWRSSL","WS",0.87894304388422
"1013","R27","Full_within","VPSVWRSSL","NS",0.985228758169935
"1014","R27","Full_within","VPSVWRSSL","NW",0.83947619047619
"1015","R28","Full_within","VPSVWRSSL","WS",0.96031746031746
"1016","R28","Full_within","VPSVWRSSL","NS",0.977355487649605
"1017","R28","Full_within","VPSVWRSSL","NW",0.765927658942365
"1018","APN-TCR","Full_within","APNCYGNIPL","WS",0.607344516594517
"1019","APN-TCR","Full_within","APNCYGNIPL","NS",0.903919107208581
"1020","APN-TCR","Full_within","APNCYGNIPL","NW",0.845486969475456
"1021","EWW-TCR","Full_within","EWWRSGGFSF","WS",0.79005772005772
"1022","EWW-TCR","Full_within","EWWRSGGFSF","NS",0.914585137085137
"1023","EWW-TCR","Full_within","EWWRSGGFSF","NW",0.764869801915256
"1024","A3V","Full_within","VVVGAVGVGK","WS",0.834000721500722
"1025","A3V","Full_within","VVVGAVGVGK","NS",0.974344927150991
"1026","A3V","Full_within","VVVGAVGVGK","NW",0.813451836112019
"1027","A11Va","Full_within","VVVGAVGVGK","WS",0.835221571357935
"1028","A11Va","Full_within","VVVGAVGVGK","NS",0.953886154694978
"1029","A11Va","Full_within","VVVGAVGVGK","NW",0.795278742436548
"1030","A11Vb","Full_within","VVVGAVGVGK","WS",0.710277777777778
"1031","A11Vb","Full_within","VVVGAVGVGK","NS",0.948424537279026
"1032","A11Vb","Full_within","VVVGAVGVGK","NW",0.89229736551718
"1033","A11Vc","Full_within","VVVGAVGVGK","WS",0.875580312933254
"1034","A11Vc","Full_within","VVVGAVGVGK","NS",0.969348102877515
"1035","A11Vc","Full_within","VVVGAVGVGK","NW",0.873395636185297
